unique_work_number,work_name,work_description,work_category,state,implementing_district,nodal_district,constituency,house_name,mp_name,implementing_agency_name,sanction_amount,actual_expenditure,released_amount,recommendation_date,administrative_approval_date,sanction_date,commencement_date,completion_date,work_status,financial_year,image_uploaded
MPLADS/MA/2026-2027/0001,Construction of Drinking Water in Pune,Suscipit optio modi modi.,Drinking Water,Maharashtra,Pune,Pune,Pune East,Lok Sabha,Azad Kalla,Municipal Corporation,1248357.08,696885.47,1127803.956838067,2026-01-22,2026-02-19,2026-02-24,2026-03-11,,Ongoing,2026-2027,No
MPLADS/UT/2025-2026/0002,Construction of Library in Lucknow,"Eveniet adipisci magnam quo error.
Eius qui porro optio nam.",Library,Uttar Pradesh,Lucknow,Lucknow,Lucknow East,Lok Sabha,Krisha Raja,Gram Panchayat,1703214.99,315177.24,1227687.16552195,2025-09-20,2025-10-01,2025-10-06,2025-11-11,,Ongoing,2025-2026,No
MPLADS/UT/2025-2026/0003,Construction of Park in Varanasi,Enim dolorem neque impedit commodi fuga.,Park,Uttar Pradesh,Varanasi,Varanasi,Varanasi East,Rajya Sabha,Chaitaly Kibe,Municipal Corporation,1059075.42,194220.83,854489.6706281367,2025-06-16,2025-06-29,2025-07-02,2025-07-18,,Ongoing,2025-2026,No
MPLADS/MA/2026-2027/0004,Construction of Roads in Indore,Suscipit rerum excepturi consectetur aspernatur doloremque. Aut quo est consequatur amet libero.,Roads,Madhya Pradesh,Indore,Indore,Indore East,Rajya Sabha,Dayamai Merchant,Gram Panchayat,2718423.89,879454.46,1607687.3388554428,2026-04-10,2026-04-19,2026-04-23,2026-05-08,,Ongoing,2026-2027,No
MPLADS/MA/2025-2026/0005,Construction of Community Hall in Bhopal,Tenetur incidunt a fugit delectus nobis. Sequi reiciendis dolor velit aspernatur.,Community Hall,Madhya Pradesh,Bhopal,Bhopal,Bhopal East,Rajya Sabha,Neel Chowdhury,Zila Parishad,6306104.73797242,4165793.97,5239716.460528358,2025-10-21,2025-11-01,2025-11-02,2025-12-06,,Ongoing,2025-2026,No
MPLADS/UT/2024-2025/0006,Construction of Drainage in Kanpur,Dignissimos mollitia minus. Laborum aut sit laboriosam ullam cupiditate.,Drainage,Uttar Pradesh,Kanpur,Kanpur,Kanpur East,Rajya Sabha,Devika Sama,Zila Parishad,1059517.83,526343.86,556484.72662381,2024-03-24,2024-04-24,2024-04-25,2024-06-12,2024-12-17,Completed,2024-2025,Yes
MPLADS/MA/2024-2025/0007,Construction of Drainage in Bhopal,Ut fugiat veritatis consequatur maxime. Assumenda itaque soluta neque non.,Drainage,Madhya Pradesh,Bhopal,Bhopal,Bhopal East,Rajya Sabha,Vasana Kashyap,PWD,2147527.69,374974.69,1789906.72159685,2024-05-21,2024-06-04,2024-06-07,2024-07-12,,Ongoing,2024-2025,No
MPLADS/UT/2024-2025/0008,Construction of Street Light in Varanasi,Fuga quia veritatis distinctio aliquam cupiditate odio ipsum. Iure at neque eos.,Street Light,Uttar Pradesh,Varanasi,Varanasi,Varanasi East,Rajya Sabha,Maya Maharaj,State Housing Board,653486.95,517774.31,568097.5422173523,2024-03-31,2024-04-22,2024-04-24,2024-05-19,2024-12-17,Completed,2024-2025,Yes
MPLADS/UT/2025-2026/0009,Construction of Street Light in Varanasi,Maxime corrupti ut ad harum eum maiores. Veritatis atque quaerat expedita minus.,Street Light,Uttar Pradesh,Varanasi,Varanasi,Varanasi East,Rajya Sabha,Bina Mandal,PWD,406105.12,209526.43,214585.7627659356,2025-11-13,2025-12-18,2025-12-20,2026-02-18,2027-08-07,Completed,2025-2026,Yes
MPLADS/MA/2026-2027/0010,Construction of Community Hall in Bhopal,Placeat porro nisi voluptates. Earum officiis fuga.,Community Hall,Madhya Pradesh,Bhopal,Bhopal,Bhopal East,Lok Sabha,Odika Talwar,Gram Panchayat,3151072.05,1153642.43,1665183.5504101594,2026-08-26,2026-09-26,2026-09-29,2026-10-16,,Ongoing,2026-2027,No
MPLADS/TA/2024-2025/0011,Construction of School Building in Madurai,Beatae officiis nam maiores qui. Corporis minus illo nemo sed.,School Building,Tamil Nadu,Madurai,Madurai,Madurai East,Lok Sabha,Jagdish Dora,PWD,2304873.46,573855.99,1290768.0776895978,2024-05-09,2024-06-10,2024-06-15,2024-08-02,,Ongoing,2024-2025,No
MPLADS/MA/2025-2026/0012,Construction of Roads in Jabalpur,Illo atque velit maxime illo magnam. Accusantium itaque fuga nobis.,Roads,Madhya Pradesh,Jabalpur,Jabalpur,Jabalpur East,Lok Sabha,Unnati Sridhar,Block Development Office,1127416.2,471013.87,628085.3560811657,2025-10-16,2025-10-23,2025-10-26,2025-11-24,,Ongoing,2025-2026,No
MPLADS/MA/2025-2026/0013,Construction of Street Light in Thane,Quos rem consequatur. Deleniti omnis possimus sed distinctio libero eius.,Street Light,Maharashtra,Thane,Thane,Thane East,Rajya Sabha,Vedhika Ram,Gram Panchayat,548392.45,339910.43,428972.4505015835,2025-06-04,2025-07-04,2025-07-08,2025-08-22,,Ongoing,2025-2026,No
MPLADS/UT/2025-2026/0014,Construction of Health Center in Varanasi,Deserunt natus doloribus.,Health Center,Uttar Pradesh,Varanasi,Varanasi,Varanasi East,Lok Sabha,Advik Jhaveri,Block Development Office,200000.0,60772.37,118729.78325842613,2025-10-18,2025-11-14,2025-11-18,2025-12-31,,Ongoing,2025-2026,No
MPLADS/TA/2025-2026/0015,Construction of Library in Chennai,Fugit molestiae excepturi nulla ad exercitationem. Expedita cumque quasi assumenda ullam commodi.,Library,Tamil Nadu,Chennai,Chennai,Chennai East,Rajya Sabha,Ishwar Doshi,Municipal Corporation,592557.52,59540.13,460754.1850684185,2024-11-06,2025-03-15,2025-03-16,2025-04-09,,Ongoing,2025-2026,No
MPLADS/MA/2024-2025/0016,Construction of Health Center in Thane,Incidunt veniam natus dolorum. Repellendus eveniet animi ullam.,Health Center,Maharashtra,Thane,Thane,Thane East,Rajya Sabha,Hamsini Lalla,Block Development Office,1437712.47,539360.63,1185582.8271671962,2024-10-19,2024-10-30,2024-11-04,2024-12-20,,Ongoing,2024-2025,No
MPLADS/UT/2024-2025/0017,Construction of Community Hall in Lucknow,Quibusdam sed fuga delectus qui. Et at animi sit cumque modi. Magnam ipsam ex labore.,Community Hall,Uttar Pradesh,Lucknow,Lucknow,Lucknow East,Lok Sabha,Hritik Mann,Zila Parishad,1284602.66,644200.16,698989.3812093711,2023-12-29,2024-01-20,2024-01-21,2024-03-14,2025-09-18,Completed,2024-2025,Yes
MPLADS/UT/2024-2025/0018,Construction of Street Light in Varanasi,Quas voluptatibus ducimus impedit. Exercitationem autem vel dolor. Provident soluta corporis dolor.,Street Light,Uttar Pradesh,Varanasi,Varanasi,Varanasi East,Lok Sabha,Pavani Saran,Municipal Corporation,562849.47,346756.39,379528.6303164012,2024-09-27,2024-10-14,2024-10-15,2024-11-22,2025-08-30,Completed,2024-2025,Yes
MPLADS/UT/2026-2027/0019,Construction of Park in Lucknow,Corporis quas ratione possimus neque aliquid modi. Ipsa sunt ut quos tenetur occaecati dolore.,Park,Uttar Pradesh,Lucknow,Lucknow,Lucknow East,Rajya Sabha,Gaurang Mittal,Municipal Corporation,436790.37,96097.75,300599.4485246347,2026-07-21,2026-08-26,2026-08-27,2026-09-16,,Ongoing,2026-2027,No
MPLADS/KA/2025-2026/0020,Construction of Park in Mysore,Quos numquam dignissimos animi ratione. Vitae nesciunt eligendi nemo beatae totam maiores commodi.,Park,Karnataka,Mysore,Mysore,Mysore East,Lok Sabha,Guneet Banik,State Housing Board,235078.52,101334.28,161090.67392846802,2025-08-25,2025-09-25,2025-09-29,2025-10-18,,Ongoing,2025-2026,No
MPLADS/MA/2026-2027/0021,Construction of Library in Jabalpur,Repellat facilis sapiente maxime aperiam sint. Nesciunt quaerat saepe.,Library,Madhya Pradesh,Jabalpur,Jabalpur,Jabalpur East,Lok Sabha,Lohit Bal,Zila Parishad,2825954.14,243966.96,2522642.537876955,2026-01-03,2026-04-19,2026-04-24,2026-06-06,,Ongoing,2026-2027,No
MPLADS/UT/2024-2025/0022,Construction of Community Hall in Lucknow,Ad aspernatur expedita. Explicabo saepe reiciendis doloremque excepturi.,Community Hall,Uttar Pradesh,Lucknow,Lucknow,Lucknow East,Lok Sabha,Chandran Lanka,Municipal Corporation,2229068.44,399315.77,1850270.2141174152,2023-12-23,2024-01-09,2024-01-14,2024-02-08,,Ongoing,2024-2025,No
MPLADS/KA/2026-2027/0023,Construction of Library in Hubli,Odio vel et vero est similique repellat. Voluptates repellat explicabo qui.,Library,Karnataka,Hubli,Hubli,Hubli East,Rajya Sabha,Falak Munshi,Zila Parishad,1847269.74,652314.46,1549647.6356021087,2026-09-06,2026-09-19,2026-09-22,2026-10-17,,Ongoing,2026-2027,No
MPLADS/KA/2024-2025/0024,Construction of Community Hall in Mysore,Dicta quaerat enim quos itaque. Neque quaerat libero quibusdam perferendis enim laboriosam.,Community Hall,Karnataka,Mysore,Mysore,Mysore East,Lok Sabha,Sachi Shenoy,Gram Panchayat,2712110.720615052,336258.6,2172579.750962297,2024-03-07,2024-05-18,2024-05-23,2024-06-18,,Ongoing,2024-2025,No
MPLADS/UT/2026-2027/0025,Construction of Drinking Water in Kanpur,Aperiam magnam et odio. Ducimus assumenda tempora. Ut architecto natus possimus.,Drinking Water,Uttar Pradesh,Kanpur,Kanpur,Kanpur East,Lok Sabha,Oliver Srivastava,Gram Panchayat,727808.64,491372.73,496665.47155749705,2026-01-01,2026-01-28,2026-02-02,2026-02-12,2026-10-01,Completed,2026-2027,Yes
MPLADS/MA/2026-2027/0026,Construction of Library in Thane,Earum culpa nobis similique beatae tenetur rem.,Library,Maharashtra,Thane,Thane,Thane East,Lok Sabha,Unni Deol,Zila Parishad,1877645.81,1150726.27,1189423.8259802195,2026-08-30,2026-09-25,2026-09-28,2026-10-21,2027-08-12,Completed,2026-2027,No
MPLADS/KA/2024-2025/0027,Construction of Roads in Mysore,Iusto aliquam nam reprehenderit pariatur. Ipsa impedit laudantium ea quibusdam consequatur.,Roads,Karnataka,Mysore,Mysore,Mysore East,Lok Sabha,Dalaja Nath,State Housing Board,2117967.1762886615,1361425.52,1423972.3374510668,2024-01-04,2024-01-18,2024-01-22,2024-03-07,2025-04-04,Completed,2024-2025,Yes
MPLADS/TA/2025-2026/0028,Construction of Library in Madurai,Asperiores dolores nam ullam. Aliquam ex iste ipsam.,Library,Tamil Nadu,Madurai,Madurai,Madurai East,Lok Sabha,Leela Sachdeva,Municipal Corporation,2062988.61,1873866.57,1942434.2191121224,2025-12-14,2025-12-24,2025-12-25,2026-01-26,,Ongoing,2025-2026,No
MPLADS/TA/2024-2025/0029,Construction of Park in Madurai,"Ratione maiores iste nam quidem.
Nisi maiores aliquid quos at tempora. Assumenda corrupti rerum.",Park,Tamil Nadu,Madurai,Madurai,Madurai East,Rajya Sabha,Zilmil Sem,State Housing Board,559744.52,272546.72,467530.8204974409,2024-04-05,2024-04-17,2024-04-19,2024-05-09,,Delayed,2024-2025,No
MPLADS/MA/2026-2027/0030,Construction of Drainage in Pune,Assumenda officia corrupti.,Drainage,Maharashtra,Pune,Pune,Pune East,Rajya Sabha,Nakul Chandran,Block Development Office,1024983.75,506555.65,721162.9787854686,2026-01-03,2026-02-05,2026-02-07,2026-03-06,,Ongoing,2026-2027,No
MPLADS/MA/2026-2027/0031,Construction of Health Center in Nagpur,Nisi aperiam eaque voluptate. Odit dolores ab corporis pariatur suscipit.,Health Center,Maharashtra,Nagpur,Nagpur,Nagpur East,Rajya Sabha,Gopal Amble,Block Development Office,1398293.39,459264.08,1208066.962672807,2026-08-17,2026-09-05,2026-09-07,2026-10-01,,Ongoing,2026-2027,No
MPLADS/TA/2025-2026/0032,Construction of Drinking Water in Chennai,Distinctio laudantium facilis nostrum quia perferendis sit nulla. Aut non illum ipsam tempore.,Drinking Water,Tamil Nadu,Chennai,Chennai,Chennai East,Rajya Sabha,Raghav Soni,Gram Panchayat,1926139.09,1060178.7,1721480.8652949024,2025-11-06,2025-11-23,2025-11-28,2025-12-29,,Delayed,2025-2026,No
MPLADS/UT/2023-2024/0033,Construction of Drinking Water in Varanasi,"Ex beatae quod ipsam.
Aut quaerat velit consectetur. Porro fugiat minima hic consequuntur.",Drinking Water,Uttar Pradesh,Varanasi,Varanasi,Varanasi East,Lok Sabha,Chaman Vasa,Zila Parishad,3371946.317375933,3063836.21,4790846.629554607,2023-09-23,2023-10-22,2023-10-26,2023-12-13,,Delayed,2023-2024,No
MPLADS/TA/2025-2026/0034,Construction of Park in Chennai,Ducimus tempora doloremque velit sit perspiciatis.,Park,Tamil Nadu,Chennai,Chennai,Chennai East,Rajya Sabha,Dhriti Kunda,Gram Panchayat,1465584.6949246614,367388.08,947995.7060977287,2025-09-18,2025-10-17,2025-10-19,2025-11-21,,Ongoing,2025-2026,No
MPLADS/MA/2026-2027/0035,Construction of Community Hall in Indore,Voluptate placeat cum at sint fugit.,Community Hall,Madhya Pradesh,Indore,Indore,Indore East,Lok Sabha,Vrinda Char,Zila Parishad,3487053.89,1638206.82,2297635.1613105126,2026-08-30,2026-09-21,2026-09-25,2026-10-25,,Ongoing,2026-2027,No
MPLADS/UT/2026-2027/0036,Construction of Park in Kanpur,Voluptas magni sunt nemo ipsam minima magnam. Veniam minima iste harum.,Park,Uttar Pradesh,Kanpur,Kanpur,Kanpur East,Rajya Sabha,Gagan Boase,Municipal Corporation,311662.54,258626.41,282715.3283387789,2026-09-06,2026-10-01,2026-10-05,2026-11-19,2027-03-31,Completed,2026-2027,Yes
MPLADS/KA/2026-2027/0037,Construction of Health Center in Hubli,Iste asperiores fugiat rem magni.,Health Center,Karnataka,Hubli,Hubli,Hubli East,Lok Sabha,Lajita Sant,State Housing Board,2208863.6,1577195.91,1634866.8267700917,2026-01-30,2026-02-11,2026-02-14,2026-03-28,2026-10-30,Completed,2026-2027,Yes
MPLADS/UT/2024-2025/0038,Construction of School Building in Lucknow,Voluptatum cumque impedit fugit odio qui. Modi dolorum facilis consequuntur illum.,School Building,Uttar Pradesh,Lucknow,Lucknow,Lucknow East,Lok Sabha,Arin Minhas,Block Development Office,573452.763223505,306107.18,536936.7253185633,2024-11-26,2024-12-24,2024-12-25,2025-02-02,,Ongoing,2024-2025,No
MPLADS/KA/2025-2026/0039,Construction of Park in Mysore,At consectetur sequi aliquid officiis aliquam. Blanditiis aliquam corporis corporis beatae.,Park,Karnataka,Mysore,Mysore,Mysore East,Rajya Sabha,Warinder Nagar,State Housing Board,268725.58,26820.0,151222.76242982337,2025-05-27,2025-10-19,2025-10-20,2025-12-18,,Ongoing,2025-2026,No
MPLADS/MA/2024-2025/0040,Construction of Health Center in Thane,Vitae expedita mollitia sed laboriosam cumque omnis. Doloribus nemo dolorum praesentium adipisci.,Health Center,Maharashtra,Thane,Thane,Thane East,Rajya Sabha,Panini Sarin,PWD,2196861.24,1151994.57,1318039.2731574785,2024-04-29,2024-05-19,2024-05-23,2024-07-14,,Ongoing,2024-2025,No
MPLADS/KA/2024-2025/0041,Construction of Library in Hubli,Eaque tempora magnam deleniti. Inventore tenetur facilis eius ipsam commodi saepe impedit.,Library,Karnataka,Hubli,Hubli,Hubli East,Rajya Sabha,Nikita Chaudhary,Gram Panchayat,2316926.61,1138453.64,1572964.0213495942,2024-12-03,2024-12-23,2024-12-27,2025-02-03,,Ongoing,2024-2025,No
MPLADS/MA/2026-2027/0042,Construction of Health Center in Indore,Nam adipisci labore non consectetur amet. Tempore iste perspiciatis quo quaerat quos nobis.,Health Center,Madhya Pradesh,Indore,Indore,Indore East,Lok Sabha,Yamini Ranganathan,PWD,2171368.28,308032.96,1245726.2606393106,2026-06-28,2026-07-27,2026-07-30,2026-08-30,,Ongoing,2026-2027,No
MPLADS/UT/2025-2026/0043,Construction of Park in Lucknow,Delectus ea facere veniam voluptas. Voluptate vero earum natus earum incidunt impedit.,Park,Uttar Pradesh,Lucknow,Lucknow,Lucknow East,Rajya Sabha,Reva Saini,State Housing Board,753740.69,94840.64,399295.7145324485,2025-08-26,2025-12-03,2025-12-06,2026-01-19,,Ongoing,2025-2026,No
MPLADS/KA/2024-2025/0044,Construction of Roads in Hubli,Corporis aspernatur earum eaque atque tempore numquam. Aut numquam quas illum libero veritatis.,Roads,Karnataka,Hubli,Hubli,Hubli East,Lok Sabha,Lavanya Sahota,Gram Panchayat,1259117.04,1793245.73,1801166.072192655,2024-12-04,2024-12-23,2024-12-26,2025-01-24,2025-11-09,Completed,2024-2025,Yes
MPLADS/TA/2025-2026/0045,Construction of Street Light in Coimbatore,Laborum eaque earum reiciendis. Inventore optio sint sequi architecto.,Street Light,Tamil Nadu,Coimbatore,Coimbatore,Coimbatore East,Lok Sabha,Falguni Sabharwal,State Housing Board,613743.6802113809,63839.34,341167.60124715854,2025-05-07,2025-06-09,2025-06-11,2025-07-20,,Delayed,2025-2026,No
MPLADS/KA/2024-2025/0046,Construction of Roads in Hubli,Itaque perferendis tempora sed. Dolorum sed libero porro repudiandae.,Roads,Karnataka,Hubli,Hubli,Hubli East,Rajya Sabha,Chandani Singhal,Block Development Office,924124.63,482266.46,697259.9487749815,2024-02-25,2024-03-08,2024-03-10,2024-03-23,,Ongoing,2024-2025,No
MPLADS/TA/2024-2025/0047,Construction of Park in Coimbatore,Possimus doloribus animi rem. Repellendus voluptates nulla repudiandae.,Park,Tamil Nadu,Coimbatore,Coimbatore,Coimbatore East,Lok Sabha,Vedika Varkey,Block Development Office,615744.49,328624.69,345416.5431627753,2024-05-23,2024-06-06,2024-06-10,2024-06-21,2024-10-01,Completed,2024-2025,Yes
MPLADS/MA/2025-2026/0048,Construction of Health Center in Pune,Consequuntur cum sapiente. Odio repellendus atque odio ratione veritatis.,Health Center,Maharashtra,Pune,Pune,Pune East,Rajya Sabha,Peter Manne,PWD,3057122.23,2413232.96,2580548.1200124305,2025-04-29,2025-05-26,2025-05-28,2025-07-07,2026-01-27,Completed,2025-2026,Yes
MPLADS/UT/2025-2026/0049,Construction of Community Hall in Varanasi,Impedit sint fugiat ex neque. Impedit quam voluptatibus totam illo in.,Community Hall,Uttar Pradesh,Varanasi,Varanasi,Varanasi East,Rajya Sabha,Krishna Suri,Municipal Corporation,2912341.95,538705.47,2135261.655740922,2025-07-01,2025-08-05,2025-08-10,2025-08-21,,Delayed,2025-2026,No
MPLADS/KA/2026-2027/0050,Construction of Health Center in Hubli,Dolorem magnam dignissimos. Nulla iusto perferendis cum excepturi accusantium quaerat.,Health Center,Karnataka,Hubli,Hubli,Hubli East,Lok Sabha,Omisha Divan,State Housing Board,236959.84,203399.54,207152.211420769,2026-04-08,2026-05-13,2026-05-14,2026-07-07,2027-03-27,Completed,2026-2027,Yes
MPLADS/KA/2024-2025/0051,Construction of Drainage in Hubli,Ducimus veniam quasi possimus. Fugit impedit iste illum modi aliquid.,Drainage,Karnataka,Hubli,Hubli,Hubli East,Rajya Sabha,Widisha Bawa,State Housing Board,1394450.38,794809.33,915727.8401098046,2024-04-25,2024-08-02,2024-08-06,2024-08-22,,Ongoing,2024-2025,No
MPLADS/UT/2025-2026/0052,Construction of School Building in Kanpur,Sed exercitationem ex. Nemo temporibus sit enim exercitationem quidem.,School Building,Uttar Pradesh,Kanpur,Kanpur,Kanpur East,Rajya Sabha,Anay Jaggi,State Housing Board,2422376.58,464632.48,1543315.296214099,2025-05-14,2025-05-27,2025-06-01,2025-07-30,,Ongoing,2025-2026,No
MPLADS/TA/2026-2027/0053,Construction of Community Hall in Chennai,Rerum tempora provident.,Community Hall,Tamil Nadu,Chennai,Chennai,Chennai East,Lok Sabha,Anvi Murty,Block Development Office,1687693.6,889123.9,942742.6300295561,2026-07-15,2026-07-27,2026-08-01,2026-09-19,2028-02-18,Completed,2026-2027,Yes
MPLADS/TA/2025-2026/0054,Construction of Drinking Water in Coimbatore,Dolorem voluptate libero cupiditate perferendis error officia.,Drinking Water,Tamil Nadu,Coimbatore,Coimbatore,Coimbatore East,Rajya Sabha,Yashvi Mane,State Housing Board,1305838.14,138720.39,1118939.8364958705,2025-02-15,2025-03-24,2025-03-25,2025-05-07,,Delayed,2025-2026,No
MPLADS/KA/2026-2027/0055,Construction of Health Center in Hubli,Doloremque voluptatum nisi sunt repellat deleniti at illum. Totam cum autem quod hic.,Health Center,Karnataka,Hubli,Hubli,Hubli East,Lok Sabha,Prisha Gera,State Housing Board,3030999.52,580643.62,1647125.8228158304,2026-07-07,2026-08-07,2026-08-08,2026-08-23,,Ongoing,2026-2027,No
MPLADS/TA/2026-2027/0056,Construction of Drainage in Madurai,Dolore commodi voluptas accusantium. Quaerat tempora vitae veritatis eligendi dicta.,Drainage,Tamil Nadu,Madurai,Madurai,Madurai East,Rajya Sabha,Jason More,Gram Panchayat,1758768.07,1274875.1,1548837.441798985,2026-01-22,2026-02-07,2026-02-12,2026-03-15,,Ongoing,2026-2027,No
MPLADS/TA/2025-2026/0057,Construction of Community Hall in Chennai,Odit fugiat non nulla iste ex iusto. Iusto cum doloremque repellat voluptate.,Community Hall,Tamil Nadu,Chennai,Chennai,Chennai East,Rajya Sabha,Benjamin Sarna,Zila Parishad,1492938.97,455373.28,1129566.4490745086,2025-04-14,2025-04-25,2025-04-27,2025-05-19,,Ongoing,2025-2026,No
MPLADS/MA/2026-2027/0058,Construction of Drinking Water in Pune,Quo aperiam qui error quos. Perferendis esse expedita illo impedit.,Drinking Water,Maharashtra,Pune,Pune,Pune East,Rajya Sabha,Wakeeta Deep,Municipal Corporation,845393.81,520165.8,793073.1959265788,2026-02-24,2026-06-20,2026-06-22,2026-07-19,,Ongoing,2026-2027,No
MPLADS/UT/2023-2024/0059,Construction of Street Light in Varanasi,Officia atque explicabo voluptatem laudantium. Ea vitae fuga ipsum vitae.,Street Light,Uttar Pradesh,Varanasi,Varanasi,Varanasi East,Rajya Sabha,Janya Koshy,PWD,566252.69,221488.83,341110.27824411466,2023-11-06,2023-11-30,2023-12-04,2024-01-11,,Ongoing,2023-2024,No
MPLADS/KA/2024-2025/0060,Construction of Community Hall in Bangalore,"Perferendis reprehenderit repellat tempore vero modi.
Quidem quod dolor aut.",Community Hall,Karnataka,Bangalore,Bangalore,Bangalore East,Rajya Sabha,Hemang Soni,PWD,3670654.15,1358303.35,2311491.9184845635,2024-07-05,2024-08-01,2024-08-02,2024-08-21,,Ongoing,2024-2025,No
MPLADS/MA/2025-2026/0061,Construction of Community Hall in Pune,Voluptate at eius similique.,Community Hall,Maharashtra,Pune,Pune,Pune East,Rajya Sabha,Udyati Talwar,Block Development Office,1924990.91,1072280.04,1126029.67660929,2025-01-13,2025-02-06,2025-02-11,2025-03-07,2025-08-27,Completed,2025-2026,Yes
MPLADS/MA/2025-2026/0062,Construction of Community Hall in Bhopal,Officia voluptas iusto dolores dolores. Et culpa nam aspernatur aperiam error.,Community Hall,Madhya Pradesh,Bhopal,Bhopal,Bhopal East,Lok Sabha,Karan Agate,Municipal Corporation,2277209.23,329124.01,1285519.6856119207,2025-07-04,2025-08-02,2025-08-03,2025-08-23,,Ongoing,2025-2026,No
MPLADS/MA/2025-2026/0063,Construction of Street Light in Nagpur,Aut libero ducimus libero aperiam quisquam. Iure ab molestias reiciendis deleniti necessitatibus.,Street Light,Maharashtra,Nagpur,Nagpur,Nagpur East,Lok Sabha,Eesha Dar,Block Development Office,278733.01,208777.42,213992.3553330298,2025-03-02,2025-05-24,2025-05-27,2025-07-20,2025-09-22,Completed,2025-2026,Yes
MPLADS/MA/2025-2026/0064,Construction of School Building in Bhopal,Dolorum fugit totam iste aliquid mollitia minima. Exercitationem sit facilis alias facere ullam.,School Building,Madhya Pradesh,Bhopal,Bhopal,Bhopal East,Rajya Sabha,Charles Taneja,Municipal Corporation,1205690.06,718810.57,796049.3724819669,2025-07-12,2025-10-04,2025-10-09,2025-12-05,2026-09-09,Completed,2025-2026,Yes
MPLADS/TA/2025-2026/0065,Construction of Library in Madurai,Amet veritatis dolore dolorem tenetur explicabo. Omnis autem inventore mollitia quam repudiandae.,Library,Tamil Nadu,Madurai,Madurai,Madurai East,Lok Sabha,Ijaya Kata,PWD,2368768.08,2591808.41,2775339.3479154063,2025-08-22,2025-12-02,2025-12-05,2026-01-22,,Ongoing,2025-2026,No
MPLADS/TA/2026-2027/0066,Construction of Roads in Madurai,Id nisi provident corrupti beatae ducimus. Perspiciatis voluptate animi provident officia.,Roads,Tamil Nadu,Madurai,Madurai,Madurai East,Rajya Sabha,Ishwar Mody,Municipal Corporation,2584992.02,1575597.78,2166803.3486034046,2025-12-10,2025-12-31,2026-01-04,2026-01-31,,Ongoing,2026-2027,No
MPLADS/MA/2026-2027/0067,Construction of Drainage in Nagpur,Dolorum occaecati qui voluptas. Exercitationem accusamus dolore aliquid perferendis incidunt.,Drainage,Maharashtra,Nagpur,Nagpur,Nagpur East,Rajya Sabha,Damini Pathak,Zila Parishad,1156793.93,113814.93,999778.4942390368,2026-03-10,2026-04-08,2026-04-10,2026-05-11,,Ongoing,2026-2027,No
MPLADS/MA/2024-2025/0068,Construction of Street Light in Bhopal,Incidunt suscipit ullam quas. Delectus consequatur sed atque doloribus.,Street Light,Madhya Pradesh,Bhopal,Bhopal,Bhopal East,Rajya Sabha,Zashil Swaminathan,Zila Parishad,700706.58,422539.11,445908.68641329417,2024-05-31,2024-06-16,2024-06-20,2024-08-01,2024-09-28,Completed,2024-2025,No
MPLADS/MA/2026-2027/0069,Construction of Street Light in Indore,Soluta assumenda animi. Quo dolores sunt modi at nisi.,Street Light,Madhya Pradesh,Indore,Indore,Indore East,Lok Sabha,Aadhya Ranganathan,PWD,572327.21,182902.67,300518.54816855496,2026-08-09,2026-08-23,2026-08-25,2026-09-22,,Ongoing,2026-2027,No
MPLADS/MA/2025-2026/0070,Construction of Health Center in Thane,Nemo suscipit amet. Tempore magnam exercitationem maiores dolores incidunt quis.,Health Center,Maharashtra,Thane,Thane,Thane East,Rajya Sabha,Gunbir Dixit,Zila Parishad,1354880.25,415376.73,1943946.496235549,2025-07-17,2025-10-26,2025-10-27,2025-11-20,,Delayed,2025-2026,No
MPLADS/MA/2024-2025/0071,Construction of School Building in Thane,Vel libero corrupti id in itaque animi. Explicabo aliquam libero non nulla.,School Building,Maharashtra,Thane,Thane,Thane East,Lok Sabha,Yashasvi Goel,State Housing Board,3542093.41,1678589.63,1861023.5323905298,2024-10-31,2024-11-16,2024-11-19,2024-12-25,2025-11-04,Completed,2024-2025,Yes
MPLADS/MA/2025-2026/0072,Construction of School Building in Jabalpur,In quisquam mollitia. Autem ipsa nisi saepe.,School Building,Madhya Pradesh,Jabalpur,Jabalpur,Jabalpur East,Lok Sabha,Turvi Tandon,Zila Parishad,5307054.85,3061150.54,4224391.799821253,2025-04-07,2025-05-07,2025-05-11,2025-06-11,,Delayed,2025-2026,No
MPLADS/TA/2026-2027/0073,Construction of Drinking Water in Madurai,Asperiores veniam inventore vitae fuga rem. Aspernatur doloribus libero quaerat velit eaque non.,Drinking Water,Tamil Nadu,Madurai,Madurai,Madurai East,Rajya Sabha,Eiravati Johal,Gram Panchayat,982086.98,304777.13,663532.6860354954,2026-06-08,2026-07-07,2026-07-09,2026-08-16,,Ongoing,2026-2027,No
MPLADS/KA/2024-2025/0074,Construction of Health Center in Mysore,Dolorum iusto magnam voluptatum ducimus. Autem laborum minus quod omnis aut ipsum.,Health Center,Karnataka,Mysore,Mysore,Mysore East,Rajya Sabha,Oviya Deep,Municipal Corporation,3564643.66,1211508.08,2105960.7544841184,2024-11-04,2024-11-28,2024-12-02,2024-12-14,,Ongoing,2024-2025,No
MPLADS/KA/2026-2027/0075,Construction of School Building in Hubli,Voluptas repellat praesentium sequi nobis soluta qui. Vitae a sequi modi.,School Building,Karnataka,Hubli,Hubli,Hubli East,Rajya Sabha,Yash Subramaniam,PWD,200000.0,163542.51,166859.92230634906,2026-06-11,2026-06-20,2026-06-25,2026-07-26,2027-05-14,Completed,2026-2027,No
MPLADS/UT/2023-2024/0076,Construction of School Building in Kanpur,Fuga atque similique. Quisquam excepturi quidem nihil. Dolorum quidem saepe quas eius quo.,School Building,Uttar Pradesh,Kanpur,Kanpur,Kanpur East,Rajya Sabha,Jagdish Guha,Zila Parishad,4232853.76,1681739.04,2777989.8342511584,2023-10-06,2023-10-22,2023-10-26,2023-12-16,,Ongoing,2023-2024,No
MPLADS/TA/2024-2025/0077,Construction of Street Light in Madurai,Nesciunt eum recusandae molestiae.,Street Light,Tamil Nadu,Madurai,Madurai,Madurai East,Lok Sabha,Jhalak Nagarajan,PWD,517409.41,400038.44,415066.9213708581,2024-06-18,2024-10-23,2024-10-26,2024-11-19,2025-05-25,Completed,2024-2025,Yes
MPLADS/TA/2023-2024/0078,Construction of Roads in Chennai,Error est eaque eos assumenda placeat non. Molestiae ab fugit quod voluptas doloremque.,Roads,Tamil Nadu,Chennai,Chennai,Chennai East,Lok Sabha,Qarin Sandal,PWD,1260794.12,717469.96,1144897.0355929707,2023-10-04,2023-10-19,2023-10-23,2023-11-11,,Ongoing,2023-2024,No
MPLADS/UT/2025-2026/0079,Construction of Community Hall in Lucknow,Error nulla temporibus. Veniam quod numquam odit.,Community Hall,Uttar Pradesh,Lucknow,Lucknow,Lucknow East,Rajya Sabha,Zilmil Soman,Block Development Office,2610112.93,1187801.15,1544145.7292535203,2025-07-15,2025-08-09,2025-08-13,2025-09-29,,Ongoing,2025-2026,No
MPLADS/KA/2024-2025/0080,Construction of Roads in Mysore,Reprehenderit dolor accusamus illum. Consectetur repellat error.,Roads,Karnataka,Mysore,Mysore,Mysore East,Rajya Sabha,Wakeeta Choudhry,Block Development Office,200000.0,73849.38,117272.44103322456,2024-04-05,2024-05-08,2024-05-13,2024-06-02,,Ongoing,2024-2025,No
MPLADS/KA/2025-2026/0081,Construction of Drinking Water in Hubli,Et dicta assumenda labore temporibus.,Drinking Water,Karnataka,Hubli,Hubli,Hubli East,Rajya Sabha,Chaman Venkatesh,Zila Parishad,890164.06,354366.59,508916.86962942884,2025-09-22,2025-10-04,2025-10-08,2025-10-24,,Ongoing,2025-2026,No
MPLADS/TA/2025-2026/0082,Construction of Park in Chennai,Nulla similique commodi illum fuga omnis. Sapiente natus similique.,Park,Tamil Nadu,Chennai,Chennai,Chennai East,Lok Sabha,Daksha Sundaram,Gram Panchayat,942845.03,1347258.96,1361311.335006671,2024-12-16,2025-01-21,2025-01-22,2025-03-11,2025-12-01,Completed,2025-2026,Yes
MPLADS/TA/2025-2026/0083,Construction of Health Center in Chennai,Quia ex cum assumenda eum cum. Ut accusantium odio molestias rerum modi.,Health Center,Tamil Nadu,Chennai,Chennai,Chennai East,Lok Sabha,Atharv Nigam,State Housing Board,3477894.04,1636869.52,2360108.538911434,2025-06-16,2025-07-18,2025-07-20,2025-09-08,,Ongoing,2025-2026,No
MPLADS/TA/2024-2025/0084,Construction of Roads in Coimbatore,Perferendis excepturi voluptatum ducimus ullam. Officia officia veritatis earum enim sequi.,Roads,Tamil Nadu,Coimbatore,Coimbatore,Coimbatore East,Rajya Sabha,Reyansh Iyer,State Housing Board,1085383.83,553355.04,835658.2753475314,2024-08-31,2024-11-23,2024-11-26,2025-01-22,,Ongoing,2024-2025,No
MPLADS/MA/2025-2026/0085,Construction of Drinking Water in Jabalpur,Sit nobis voluptatum placeat. Quam quibusdam debitis eius non doloremque autem.,Drinking Water,Madhya Pradesh,Jabalpur,Jabalpur,Jabalpur East,Lok Sabha,Yash Vora,Zila Parishad,595753.2,322682.76,356322.23689495557,2024-12-16,2025-01-20,2025-01-24,2025-02-21,2025-07-29,Completed,2025-2026,Yes
MPLADS/UT/2024-2025/0086,Construction of Park in Varanasi,Ex sequi sit eius officia qui adipisci possimus. Consequuntur velit maiores delectus.,Park,Uttar Pradesh,Varanasi,Varanasi,Varanasi East,Rajya Sabha,Liam Kari,Gram Panchayat,599297.18,422395.87,555500.4823114707,2024-07-07,2024-10-14,2024-10-15,2024-11-10,,Ongoing,2024-2025,No
MPLADS/MA/2025-2026/0087,Construction of Drainage in Indore,Quaerat atque minima ut dolore asperiores. Iste repudiandae ex earum hic.,Drainage,Madhya Pradesh,Indore,Indore,Indore East,Rajya Sabha,Zaitra Chauhan,Municipal Corporation,1749241.27,498414.2,1382650.8787056224,2024-12-07,2025-04-04,2025-04-07,2025-05-26,,Ongoing,2025-2026,No
MPLADS/TA/2026-2027/0088,Construction of Park in Madurai,Maiores nulla laudantium asperiores accusamus iste consequuntur.,Park,Tamil Nadu,Madurai,Madurai,Madurai East,Rajya Sabha,Rajeshri Puri,PWD,931500.44,609523.04,867522.7777547296,2025-11-28,2026-03-20,2026-03-21,2026-04-06,,Ongoing,2026-2027,No
MPLADS/KA/2024-2025/0089,Construction of Library in Mysore,Illo tempora quos quas. Numquam corrupti doloribus iure incidunt exercitationem consequuntur.,Library,Karnataka,Mysore,Mysore,Mysore East,Rajya Sabha,Quincy Bansal,State Housing Board,1429167.86,534464.74,772626.2204721088,2024-06-19,2024-07-18,2024-07-22,2024-09-11,,Ongoing,2024-2025,No
MPLADS/TA/2025-2026/0090,Construction of Drainage in Chennai,Ab ex hic rerum quas at. Necessitatibus sequi quisquam eos. Amet culpa aut sed.,Drainage,Tamil Nadu,Chennai,Chennai,Chennai East,Rajya Sabha,Ekalinga Raman,Block Development Office,1507960.46,1025274.89,1392183.6879028117,2025-06-24,2025-07-31,2025-08-03,2025-08-19,,Delayed,2025-2026,No
MPLADS/MA/2024-2025/0091,Construction of Drinking Water in Nagpur,Sed maiores occaecati iste nihil delectus ipsam officiis.,Drinking Water,Maharashtra,Nagpur,Nagpur,Nagpur East,Lok Sabha,Ira Tata,PWD,1048538.77,807160.07,853842.9292086439,2024-03-14,2024-04-19,2024-04-23,2024-05-08,2025-01-12,Completed,2024-2025,Yes
MPLADS/UT/2025-2026/0092,Construction of Temple near Health Center in Lucknow,Hic aut ipsam quaerat.,Health Center,Uttar Pradesh,Lucknow,Lucknow,Lucknow East,Lok Sabha,Jagdish Chandran,Gram Panchayat,2968644.99,2180733.15,2341419.6725831977,2025-07-06,2025-07-20,2025-07-22,2025-08-22,2026-05-19,Completed,2025-2026,Yes
MPLADS/UT/2025-2026/0093,Construction of Roads in Lucknow,Voluptatibus cupiditate ab perferendis.,Roads,Uttar Pradesh,Lucknow,Lucknow,Lucknow East,Lok Sabha,Akshay Sane,Zila Parishad,938357.52,530850.82,574576.5823882783,2025-02-05,2025-03-07,2025-03-12,2025-04-11,,Ongoing,2025-2026,No
MPLADS/KA/2024-2025/0094,Construction of Community Hall in Hubli,Facere eos nobis a error consequuntur a.,Community Hall,Karnataka,Hubli,Hubli,Hubli East,Lok Sabha,Bhavini Kari,Block Development Office,2106805.42,899083.17,1506923.0536617762,2024-01-19,2024-02-07,2024-02-12,2024-03-30,,Ongoing,2024-2025,No
MPLADS/MA/2026-2027/0095,Construction of Street Light in Indore,Dolore ratione eaque porro tenetur dolor quaerat. Ut a laborum.,Street Light,Madhya Pradesh,Indore,Indore,Indore East,Lok Sabha,Manan Shroff,PWD,421578.37,249622.44,253376.6989180522,2026-09-04,2026-09-11,2026-09-15,2026-10-22,2027-04-28,Completed,2026-2027,Yes
MPLADS/UT/2025-2026/0096,Construction of School Building in Lucknow,Voluptatum nobis non placeat dolorum. Tempore rem provident explicabo ab.,School Building,Uttar Pradesh,Lucknow,Lucknow,Lucknow East,Rajya Sabha,Hitesh Rastogi,State Housing Board,804727.58,428864.86,557681.4562658784,2025-02-25,2025-03-22,2025-03-25,2025-04-28,,Delayed,2025-2026,No
MPLADS/MA/2025-2026/0097,Construction of Park in Jabalpur,Ipsa iste nemo magnam qui voluptas molestias. Impedit repellat alias atque iusto.,Park,Madhya Pradesh,Jabalpur,Jabalpur,Jabalpur East,Rajya Sabha,Warhi Chauhan,State Housing Board,918448.11,688545.87,754141.1141783438,2025-10-06,2025-10-14,2025-10-19,2025-12-14,2026-05-17,Completed,2025-2026,Yes
MPLADS/KA/2023-2024/0098,Construction of Community Hall in Mysore,Accusamus fugit nam vero eveniet. Architecto ratione voluptatibus accusantium dolorem mollitia.,Community Hall,Karnataka,Mysore,Mysore,Mysore East,Lok Sabha,Zayan Vasa,Zila Parishad,2813266.33,1163129.27,1679533.9782132488,2023-11-19,2023-12-18,2023-12-20,2024-02-11,,Delayed,2023-2024,No
MPLADS/MA/2025-2026/0099,Construction of Community Hall in Nagpur,Error non laborum vel laboriosam repellendus doloremque. Ipsum explicabo quibusdam harum.,Community Hall,Maharashtra,Nagpur,Nagpur,Nagpur East,Lok Sabha,Rajata Saran,Zila Parishad,2506136.15,921476.26,1518639.642377732,2025-08-21,2025-09-24,2025-09-25,2025-11-11,,Delayed,2025-2026,No
MPLADS/KA/2024-2025/0100,Construction of Park in Mysore,"Autem reiciendis occaecati laborum tenetur.
Earum accusantium repellat.
Quisquam consequuntur fuga.",Park,Karnataka,Mysore,Mysore,Mysore East,Lok Sabha,Adweta Chopra,State Housing Board,706165.15,593029.72,579762.4193606107,2024-10-06,2024-10-12,2024-10-17,2024-11-15,,Ongoing,2024-2025,No
MPLADS/UT/2025-2026/0101,Construction of Street Light in Varanasi,Voluptatibus rerum adipisci vitae.,Street Light,Uttar Pradesh,Varanasi,Varanasi,Varanasi East,Lok Sabha,Thomas Parekh,PWD,216925.85,258812.45,260628.3289662001,2025-05-05,2025-05-23,2025-05-26,2025-06-12,2026-01-27,Completed,2025-2026,Yes
MPLADS/TA/2025-2026/0102,Construction of School Building in Chennai,Sequi nisi ipsa mollitia. Exercitationem optio nemo inventore. Nisi quam esse cupiditate minus.,School Building,Tamil Nadu,Chennai,Chennai,Chennai East,Lok Sabha,Pooja Borra,Zila Parishad,2369032.02,1247805.74,1280086.531785193,2025-01-10,2025-02-17,2025-02-18,2025-03-11,2025-10-20,Completed,2025-2026,No
MPLADS/MA/2024-2025/0103,Construction of Park in Bhopal,Nam rem esse sapiente minus molestiae. Laudantium pariatur modi vero voluptate facere.,Park,Madhya Pradesh,Bhopal,Bhopal,Bhopal East,Lok Sabha,Brinda Dhillon,Zila Parishad,662914.19,478176.33,600770.4291061113,2024-03-12,2024-03-24,2024-03-27,2024-05-25,,Delayed,2024-2025,No
MPLADS/UT/2026-2027/0104,Construction of Roads in Lucknow,Vero repellendus suscipit est unde.,Roads,Uttar Pradesh,Lucknow,Lucknow,Lucknow East,Lok Sabha,Pranav Lala,Zila Parishad,858178.18,402211.17,674951.5489183079,2026-02-19,2026-03-11,2026-03-15,2026-05-02,,Ongoing,2026-2027,No
MPLADS/TA/2024-2025/0105,Construction of Community Hall in Coimbatore,Quae voluptate veniam dolore soluta dolorum. Hic quasi natus.,Community Hall,Tamil Nadu,Coimbatore,Coimbatore,Coimbatore East,Lok Sabha,Vidhi Parikh,State Housing Board,2306457.15,747443.73,1656819.9251880776,2024-07-04,2024-07-29,2024-08-01,2024-08-13,,Ongoing,2024-2025,No
MPLADS/MA/2026-2027/0106,Construction of Drinking Water in Pune,Adipisci harum aut minus minima. Qui tempora nisi numquam rerum.,Drinking Water,Maharashtra,Pune,Pune,Pune East,Lok Sabha,Vyanjana Dyal,Municipal Corporation,1202025.43,452244.81,916660.1766070259,2025-12-05,2026-01-05,2026-01-08,2026-01-25,,Ongoing,2026-2027,No
MPLADS/UT/2025-2026/0107,Construction of Library in Kanpur,Quis quis expedita nihil sed perferendis. Sapiente omnis magnam.,Library,Uttar Pradesh,Kanpur,Kanpur,Kanpur East,Rajya Sabha,Tristan Mand,Gram Panchayat,3120330.13,410307.15,2084696.4269437368,2025-09-25,2025-10-19,2025-10-22,2025-11-05,,Ongoing,2025-2026,No
MPLADS/MA/2025-2026/0108,Construction of Community Hall in Nagpur,Optio optio hic harum.,Community Hall,Maharashtra,Nagpur,Nagpur,Nagpur East,Rajya Sabha,Aarna Saini,Gram Panchayat,2709493.38,1332833.82,1908363.8755945442,2025-07-25,2025-08-13,2025-08-17,2025-09-14,,Ongoing,2025-2026,No
MPLADS/UT/2024-2025/0109,Construction of Street Light in Varanasi,Voluptatum tempora voluptatibus vero odio exercitationem quibusdam.,Street Light,Uttar Pradesh,Varanasi,Varanasi,Varanasi East,Lok Sabha,Radhika Setty,Zila Parishad,551510.08,360904.61,435494.316595471,2024-11-25,2024-12-06,2024-12-07,2025-01-01,,Ongoing,2024-2025,No
MPLADS/KA/2024-2025/0110,Construction of Drainage in Mysore,Hic odit occaecati quis. Ab magnam et iusto exercitationem. Nesciunt alias consequuntur ipsam.,Drainage,Karnataka,Mysore,Mysore,Mysore East,Rajya Sabha,Ekansh Bala,Municipal Corporation,1155332.45,172803.87,702483.7906213065,2024-04-13,2024-04-24,2024-04-25,2024-06-07,,Ongoing,2024-2025,No
MPLADS/TA/2025-2026/0111,Construction of School Building in Madurai,Velit excepturi magni vel iste. Quibusdam sit ipsam minus aut at consectetur.,School Building,Tamil Nadu,Madurai,Madurai,Madurai East,Rajya Sabha,Daksha Devan,Municipal Corporation,200000.0,162011.94,172571.78763265148,2024-12-18,2024-12-31,2025-01-05,2025-01-24,2027-03-11,Completed,2025-2026,Yes
MPLADS/MA/2024-2025/0112,Construction of Drainage in Indore,Eaque in expedita. Debitis dolores a veritatis exercitationem quibusdam.,Drainage,Madhya Pradesh,Indore,Indore,Indore East,Rajya Sabha,Anirudh Arora,State Housing Board,1184091.67,277906.81,817475.2925541805,2024-10-17,2024-11-05,2024-11-06,2024-12-16,,Ongoing,2024-2025,No
MPLADS/MA/2026-2027/0113,Construction of Drainage in Bhopal,Inventore quaerat ipsum quos asperiores ipsa. Distinctio accusantium libero sed nemo dolorum.,Drainage,Madhya Pradesh,Bhopal,Bhopal,Bhopal East,Lok Sabha,Isaac Muni,Zila Parishad,1236138.13,823277.64,909927.461576102,2026-04-14,2026-05-07,2026-05-08,2026-06-10,2026-09-04,Completed,2026-2027,Yes
MPLADS/MA/2026-2027/0114,Construction of Street Light in Indore,Ex tenetur aliquid ut nulla deleniti.,Street Light,Madhya Pradesh,Indore,Indore,Indore East,Lok Sabha,Hiral Joshi,State Housing Board,992648.42,503837.01,544402.6172153812,2025-11-04,2026-03-05,2026-03-07,2026-04-06,2026-10-21,Completed,2026-2027,Yes
MPLADS/TA/2026-2027/0115,Construction of Community Hall in Madurai,Ipsum aliquam molestias suscipit deleniti aspernatur. Esse voluptates quam quos animi odit.,Community Hall,Tamil Nadu,Madurai,Madurai,Madurai East,Rajya Sabha,Orinder Khare,Municipal Corporation,2269166.84,879627.49,1250925.8071338236,2026-01-24,2026-01-31,2026-02-04,2026-03-14,,Ongoing,2026-2027,No
MPLADS/TA/2026-2027/0116,Construction of Park in Coimbatore,Necessitatibus alias dicta dolorum. Repellat laboriosam maiores cupiditate laudantium sunt.,Park,Tamil Nadu,Coimbatore,Coimbatore,Coimbatore East,Rajya Sabha,Mohammed Jha,Zila Parishad,920618.94,51525.47,537858.9849966322,2026-09-03,2026-10-01,2026-10-04,2026-10-18,,Ongoing,2026-2027,No
MPLADS/TA/2026-2027/0117,Construction of School Building in Coimbatore,Et suscipit eius asperiores beatae facilis consequuntur. Ipsa dolore ex nemo itaque ad.,School Building,Tamil Nadu,Coimbatore,Coimbatore,Coimbatore East,Rajya Sabha,Rachit Ravi,Gram Panchayat,2947932.35,1397308.81,2106898.875010371,2026-06-19,2026-07-17,2026-07-20,2026-08-18,,Delayed,2026-2027,No
MPLADS/UT/2024-2025/0118,Construction of Community Hall in Varanasi,Nobis officiis pariatur.,Community Hall,Uttar Pradesh,Varanasi,Varanasi,Varanasi East,Lok Sabha,Orinder Ramesh,Block Development Office,1097586.35,813846.34,889920.8519682593,2024-03-06,2024-04-03,2024-04-05,2024-05-27,2025-03-13,Completed,2024-2025,Yes
MPLADS/KA/2025-2026/0119,Construction of Drainage in Hubli,Excepturi beatae rerum. Commodi sint ad repellat ducimus ducimus.,Drainage,Karnataka,Hubli,Hubli,Hubli East,Lok Sabha,Yutika Kant,Municipal Corporation,5587874.424061838,1573209.14,4951891.675440672,2025-01-09,2025-01-25,2025-01-29,2025-02-20,,Ongoing,2025-2026,No
MPLADS/TA/2025-2026/0120,Construction of Library in Chennai,Consequuntur voluptates placeat nam a.,Library,Tamil Nadu,Chennai,Chennai,Chennai East,Lok Sabha,Falguni Mane,State Housing Board,2326353.12,1149762.18,1183724.0748744034,2025-10-14,2025-11-18,2025-11-21,2026-01-19,2026-07-31,Completed,2025-2026,Yes
MPLADS/MA/2025-2026/0121,Construction of Drainage in Nagpur,Adipisci maxime porro enim. Sequi aut delectus.,Drainage,Maharashtra,Nagpur,Nagpur,Nagpur East,Rajya Sabha,Aachal Desai,Municipal Corporation,1674619.17,818512.14,1273376.3481174388,2025-03-30,2025-04-19,2025-04-23,2025-05-17,,Ongoing,2025-2026,No
MPLADS/UT/2024-2025/0122,Construction of Street Light in Kanpur,Asperiores quasi esse asperiores accusamus. Incidunt eius dignissimos cupiditate qui.,Street Light,Uttar Pradesh,Kanpur,Kanpur,Kanpur East,Lok Sabha,Ekansh Nazareth,Zila Parishad,318122.51,115313.46,219473.3706525886,2024-10-05,2024-11-03,2024-11-08,2024-12-14,,Delayed,2024-2025,No
MPLADS/TA/2024-2025/0123,Construction of Street Light in Chennai,Saepe temporibus vitae aliquam facilis harum mollitia. Veniam libero dolor dolor.,Street Light,Tamil Nadu,Chennai,Chennai,Chennai East,Rajya Sabha,Charita Comar,Gram Panchayat,780558.86,284168.92,555100.8312671962,2024-02-20,2024-03-25,2024-03-30,2024-04-16,,Ongoing,2024-2025,No
MPLADS/KA/2025-2026/0124,Construction of School Building in Hubli,Molestias excepturi molestiae itaque. Ex sunt eos ipsam placeat adipisci.,School Building,Karnataka,Hubli,Hubli,Hubli East,Rajya Sabha,Rishi Vig,PWD,897223.41,159524.53,712059.0046111557,2025-02-26,2025-04-03,2025-04-07,2025-05-09,,Delayed,2025-2026,No
MPLADS/MA/2025-2026/0125,Construction of Health Center in Indore,Quas repellat quas eligendi atque. Soluta rem fugit unde.,Health Center,Madhya Pradesh,Indore,Indore,Indore East,Lok Sabha,Jairaj Sha,PWD,2586857.09,1410006.69,1475391.5455232095,2025-01-14,2025-02-01,2025-02-04,2025-02-20,2025-10-28,Completed,2025-2026,Yes
MPLADS/KA/2025-2026/0126,Construction of School Building in Hubli,Illo a unde quod. Id deserunt dignissimos accusantium.,School Building,Karnataka,Hubli,Hubli,Hubli East,Rajya Sabha,Gaurangi Chanda,Block Development Office,6285683.44,3291900.73,4152760.867137139,2025-07-06,2025-07-29,2025-07-30,2025-08-10,,Ongoing,2025-2026,No
MPLADS/MA/2025-2026/0127,Construction of Health Center in Nagpur,Provident unde quam perferendis nesciunt a. Recusandae repellendus earum a sapiente veritatis.,Health Center,Maharashtra,Nagpur,Nagpur,Nagpur East,Rajya Sabha,Unnati Deshpande,PWD,1009463.67,456852.61,621849.7730993548,2025-05-13,2025-05-25,2025-05-30,2025-07-08,,Ongoing,2025-2026,No
MPLADS/MA/2024-2025/0128,Construction of Roads in Jabalpur,Alias officiis tenetur eligendi. Officiis libero fugit rem quis veniam molestias.,Roads,Madhya Pradesh,Jabalpur,Jabalpur,Jabalpur East,Rajya Sabha,Finn Ramakrishnan,Gram Panchayat,1046961.82,209943.04,808181.5183442152,2024-04-11,2024-04-25,2024-04-28,2024-06-04,,Ongoing,2024-2025,No
MPLADS/UT/2024-2025/0129,Construction of Community Hall in Varanasi,Officiis est illo cum modi.,Community Hall,Uttar Pradesh,Varanasi,Varanasi,Varanasi East,Rajya Sabha,Nirja Vasa,Zila Parishad,2619581.64,1479459.79,1506706.957236818,2023-12-28,2024-01-04,2024-01-09,2024-02-20,2024-08-25,Completed,2024-2025,No
MPLADS/KA/2025-2026/0130,Construction of Drinking Water in Mysore,Architecto ex totam eveniet provident repudiandae. Atque inventore maxime ex fuga qui voluptatibus.,Drinking Water,Karnataka,Mysore,Mysore,Mysore East,Lok Sabha,Samar Pal,Zila Parishad,748262.17,181159.95,700625.1814161108,2025-02-24,2025-05-14,2025-05-15,2025-07-13,,Ongoing,2025-2026,No
MPLADS/MA/2024-2025/0131,Construction of Library in Nagpur,Excepturi saepe laborum nihil quasi. Aspernatur adipisci eveniet sunt. Illum omnis maiores magni.,Library,Maharashtra,Nagpur,Nagpur,Nagpur East,Lok Sabha,Bhavika Prakash,State Housing Board,714535.6,393991.44,490710.0908722154,2024-03-12,2024-03-23,2024-03-27,2024-05-20,,Ongoing,2024-2025,No
MPLADS/MA/2024-2025/0132,Construction of Street Light in Thane,Vel corporis voluptates aut cum quia consectetur. Consequuntur ipsa cum.,Street Light,Maharashtra,Thane,Thane,Thane East,Rajya Sabha,Victor Balasubramanian,Municipal Corporation,1439621.2215762197,216641.22,1331193.4361034534,2024-09-17,2024-12-10,2024-12-15,2025-01-19,,Delayed,2024-2025,No
MPLADS/MA/2025-2026/0133,Construction of Health Center in Thane,Harum facere voluptatum ratione magni.,Health Center,Maharashtra,Thane,Thane,Thane East,Rajya Sabha,Anirudh Ahuja,PWD,937696.29,517715.75,532544.3958735458,2025-08-27,2025-09-30,2025-10-03,2025-10-20,2026-05-02,Completed,2025-2026,Yes
MPLADS/UT/2024-2025/0134,Construction of Street Light in Kanpur,Officia et beatae cupiditate reprehenderit veritatis laboriosam vel. Facilis rem neque quisquam et.,Street Light,Uttar Pradesh,Kanpur,Kanpur,Kanpur East,Lok Sabha,Aarav Sastry,Gram Panchayat,594718.49,514872.14,518684.6826134371,2024-07-07,2024-07-21,2024-07-25,2024-08-09,,Ongoing,2024-2025,No
MPLADS/MA/2025-2026/0135,Construction of Drainage in Indore,Molestias fuga ducimus. Sunt accusamus accusantium ex aut.,Drainage,Madhya Pradesh,Indore,Indore,Indore East,Lok Sabha,Leela Mital,Zila Parishad,648345.46,419797.38,424901.48041927133,2025-03-08,2025-04-04,2025-04-08,2025-05-26,2025-08-28,Completed,2025-2026,Yes
MPLADS/TA/2025-2026/0136,Construction of Park in Madurai,Laudantium quo atque rerum odit sapiente mollitia. Aperiam aliquam sed voluptatibus.,Park,Tamil Nadu,Madurai,Madurai,Madurai East,Lok Sabha,Abdul Sura,PWD,1419973.76,528838.69,846560.7117569727,2025-08-02,2025-08-10,2025-08-14,2025-09-16,,Ongoing,2025-2026,No
MPLADS/MA/2024-2025/0137,Construction of Street Light in Pune,Excepturi consectetur doloribus ullam quibusdam quae. Qui voluptate hic voluptatum quas.,Street Light,Maharashtra,Pune,Pune,Pune East,Rajya Sabha,Aayush Sarna,State Housing Board,893000.1462500333,684863.04,698455.8579507475,2024-11-08,2024-11-24,2024-11-29,2024-12-11,2025-08-29,Completed,2024-2025,Yes
MPLADS/MA/2023-2024/0138,Construction of Library in Bhopal,Minima iusto voluptatem natus. Nemo tenetur nostrum ut dignissimos.,Library,Madhya Pradesh,Bhopal,Bhopal,Bhopal East,Lok Sabha,Mason Thaker,Zila Parishad,1574556.94,1314054.34,1420962.8532768916,2023-10-03,2023-11-01,2023-11-02,2023-11-13,2024-06-16,Completed,2023-2024,Yes
MPLADS/TA/2026-2027/0139,Construction of Street Light in Madurai,Quaerat nulla neque facilis velit vitae. In corrupti laboriosam dolor modi facere iure ut.,Street Light,Tamil Nadu,Madurai,Madurai,Madurai East,Rajya Sabha,Bina Morar,Gram Panchayat,662703.44,216517.86,388774.8856278789,2026-07-06,2026-07-21,2026-07-25,2026-08-16,,Ongoing,2026-2027,No
MPLADS/UT/2024-2025/0140,Construction of Street Light in Varanasi,Quo nam vitae non expedita. Inventore fuga esse ad minima.,Street Light,Uttar Pradesh,Varanasi,Varanasi,Varanasi East,Rajya Sabha,Warhi Raju,State Housing Board,253827.14,138124.22,194103.582654985,2024-08-27,2024-10-03,2024-10-06,2024-11-27,,Ongoing,2024-2025,No
MPLADS/TA/2024-2025/0141,Construction of School Building in Chennai,Tempora quod impedit. Maxime molestiae rem illo assumenda sed possimus.,School Building,Tamil Nadu,Chennai,Chennai,Chennai East,Lok Sabha,Yamini Rajagopalan,Gram Panchayat,3341189.9,624242.37,2399455.4163946416,2023-12-31,2024-01-15,2024-01-17,2024-03-17,,Ongoing,2024-2025,No
MPLADS/TA/2026-2027/0142,Construction of Drainage in Madurai,Aperiam voluptate nulla. Nesciunt consequatur autem dolores architecto explicabo.,Drainage,Tamil Nadu,Madurai,Madurai,Madurai East,Rajya Sabha,Pranav Deol,Gram Panchayat,1984285.65,694321.72,1322156.682380413,2026-02-05,2026-02-18,2026-02-19,2026-03-05,,Ongoing,2026-2027,No
MPLADS/MA/2024-2025/0143,Construction of Park in Indore,Aut nostrum perferendis ipsa debitis quasi.,Park,Madhya Pradesh,Indore,Indore,Indore East,Lok Sabha,Ucchal Natt,PWD,200000.0,46008.58,112858.24524456696,2024-04-21,2024-05-04,2024-05-05,2024-06-12,,Ongoing,2024-2025,No
MPLADS/MA/2025-2026/0144,Construction of School Building in Jabalpur,Iste adipisci iusto doloribus. Molestiae non dolorem itaque neque.,School Building,Madhya Pradesh,Jabalpur,Jabalpur,Jabalpur East,Lok Sabha,Chatresh Nanda,Municipal Corporation,3276950.79,1218388.36,1641551.1055007477,2025-06-18,2025-07-10,2025-07-11,2025-07-28,,Ongoing,2025-2026,No
MPLADS/TA/2026-2027/0145,Construction of Health Center in Madurai,Officiis occaecati vitae eligendi fugiat deserunt nam et. Ab aliquam saepe quia.,Health Center,Tamil Nadu,Madurai,Madurai,Madurai East,Rajya Sabha,Ayush Mistry,Gram Panchayat,2259882.79,861199.18,1598689.162520607,2026-07-02,2026-08-08,2026-08-09,2026-09-04,,Ongoing,2026-2027,No
MPLADS/UT/2026-2027/0146,Construction of Drinking Water in Varanasi,Repellat eligendi repudiandae tempora sint. Tempore doloribus id in aspernatur voluptatum ipsa.,Drinking Water,Uttar Pradesh,Varanasi,Varanasi,Varanasi East,Rajya Sabha,Girik Oommen,PWD,1390911.44,349280.79,869067.6095201136,2026-03-23,2026-04-13,2026-04-18,2026-06-04,,Ongoing,2026-2027,No
MPLADS/MA/2023-2024/0147,Construction of Roads in Bhopal,Earum architecto numquam excepturi voluptatem itaque qui.,Roads,Madhya Pradesh,Bhopal,Bhopal,Bhopal East,Lok Sabha,Avi Amble,State Housing Board,510439.43,86444.74,267364.8421513986,2023-11-07,2023-12-09,2023-12-11,2024-02-08,,Ongoing,2023-2024,No
MPLADS/KA/2024-2025/0148,Construction of Library in Hubli,Inventore consectetur numquam consequuntur blanditiis. Beatae adipisci neque sit quis.,Library,Karnataka,Hubli,Hubli,Hubli East,Lok Sabha,Praneel Banik,Zila Parishad,875680.37,246749.09,471196.22955951595,2024-08-13,2024-09-03,2024-09-07,2024-10-06,,Ongoing,2024-2025,No
MPLADS/KA/2024-2025/0149,Construction of Street Light in Mysore,Accusantium omnis soluta explicabo aliquid quos nobis. Minima quibusdam at ullam autem sunt cum.,Street Light,Karnataka,Mysore,Mysore,Mysore East,Rajya Sabha,Yatin Roy,Zila Parishad,604388.31,231127.03,347928.3373009759,2024-03-15,2024-04-10,2024-04-13,2024-06-08,,Delayed,2024-2025,No
MPLADS/UT/2024-2025/0150,Construction of Library in Kanpur,Amet ipsum nihil labore. Sunt deleniti voluptatibus beatae praesentium aut voluptates.,Library,Uttar Pradesh,Kanpur,Kanpur,Kanpur East,Rajya Sabha,Gaurav Panchal,Zila Parishad,2007889.27,366192.07,1167900.8975501964,2023-12-19,2024-01-02,2024-01-05,2024-02-12,,Ongoing,2024-2025,No
MPLADS/KA/2024-2025/0151,Construction of Park in Hubli,Laborum harum magnam velit. Sunt quam deleniti.,Park,Karnataka,Hubli,Hubli,Hubli East,Rajya Sabha,Bina Balay,Municipal Corporation,900197.14,70775.89,649798.9772505852,2024-04-07,2024-05-08,2024-05-13,2024-07-08,,Ongoing,2024-2025,No
MPLADS/MA/2026-2027/0152,Construction of Street Light in Indore,Ab doloremque inventore dolores. Enim at soluta accusamus commodi.,Street Light,Madhya Pradesh,Indore,Indore,Indore East,Rajya Sabha,Onveer Naik,Block Development Office,569289.64,119962.32,347746.1607052703,2026-04-07,2026-07-11,2026-07-16,2026-08-24,,Delayed,2026-2027,No
MPLADS/MA/2024-2025/0153,Construction of Drinking Water in Pune,Ducimus inventore vel fugit neque distinctio. Asperiores nisi enim quidem.,Drinking Water,Maharashtra,Pune,Pune,Pune East,Rajya Sabha,Anya Manne,State Housing Board,659987.64,835030.34,848652.2489428814,2024-09-21,2024-10-17,2024-10-22,2024-11-01,2026-04-10,Completed,2024-2025,Yes
MPLADS/KA/2025-2026/0154,Construction of Library in Bangalore,Laborum minus exercitationem labore similique cupiditate. Quisquam unde quibusdam.,Library,Karnataka,Bangalore,Bangalore,Bangalore East,Lok Sabha,Ridhi Raj,Gram Panchayat,1962577.59,330937.51,1169184.718644452,2025-02-28,2025-06-18,2025-06-22,2025-08-19,,Ongoing,2025-2026,No
MPLADS/UT/2025-2026/0155,Construction of Park in Lucknow,A nobis suscipit vitae. At voluptatem deserunt mollitia fugiat repudiandae reiciendis.,Park,Uttar Pradesh,Lucknow,Lucknow,Lucknow East,Lok Sabha,Ojas Lad,Zila Parishad,917228.99,767066.4,821126.9485267533,2025-09-10,2025-10-05,2025-10-07,2025-10-29,2026-04-27,Completed,2025-2026,Yes
MPLADS/KA/2025-2026/0156,Construction of Street Light in Hubli,Itaque dolores aut aliquid praesentium. Consequuntur porro laboriosam minus nobis.,Street Light,Karnataka,Hubli,Hubli,Hubli East,Rajya Sabha,Kiaan Chokshi,Gram Panchayat,357129.72,110327.12,181116.04375112843,2025-02-07,2025-02-16,2025-02-21,2025-03-23,,Ongoing,2025-2026,No
MPLADS/MA/2025-2026/0157,Construction of Library in Indore,Iste recusandae sunt ratione.,Library,Madhya Pradesh,Indore,Indore,Indore East,Rajya Sabha,Urvi Raja,Gram Panchayat,3106042.16,4060922.69,4450441.40167822,2025-01-19,2025-02-10,2025-02-13,2025-03-25,2025-08-26,Completed,2025-2026,Yes
MPLADS/MA/2026-2027/0158,Construction of Street Light in Thane,Autem inventore explicabo. Aliquid debitis accusantium.,Street Light,Maharashtra,Thane,Thane,Thane East,Rajya Sabha,Vaishnavi Mital,State Housing Board,594766.58,144586.41,299889.3307990351,2026-02-04,2026-03-06,2026-03-11,2026-04-26,,Ongoing,2026-2027,No
MPLADS/UT/2026-2027/0159,Construction of Park in Varanasi,Illo ea ad dolore accusantium officiis. Accusantium at a totam veritatis harum tempore quidem.,Park,Uttar Pradesh,Varanasi,Varanasi,Varanasi East,Lok Sabha,Vihaan Karnik,State Housing Board,323478.6,104300.14,205871.59525713147,2026-07-25,2026-12-10,2026-12-11,2027-01-02,,Ongoing,2026-2027,No
MPLADS/KA/2025-2026/0160,Construction of Health Center in Hubli,Maxime earum ratione magnam nulla consequuntur facilis. Aliquid mollitia velit culpa.,Health Center,Karnataka,Hubli,Hubli,Hubli East,Rajya Sabha,Gopal Arya,Gram Panchayat,2656553.61,1797182.04,1918842.2067131905,2025-09-15,2025-10-23,2025-10-24,2025-12-18,,Ongoing,2025-2026,No
MPLADS/KA/2026-2027/0161,Construction of Park in Hubli,Distinctio consequuntur repudiandae. Necessitatibus omnis necessitatibus animi.,Park,Karnataka,Hubli,Hubli,Hubli East,Rajya Sabha,William Bahri,Municipal Corporation,410127.33,84901.62,349434.11164928507,2026-04-06,2026-04-27,2026-04-30,2026-06-13,,Ongoing,2026-2027,No
MPLADS/MA/2025-2026/0162,Construction of Health Center in Indore,Illum eos minus ullam commodi ipsum.,Health Center,Madhya Pradesh,Indore,Indore,Indore East,Rajya Sabha,Noah Trivedi,Zila Parishad,2787084.6,766783.44,2464443.089117242,2025-08-24,2025-09-17,2025-09-20,2025-11-18,,Ongoing,2025-2026,No
MPLADS/TA/2025-2026/0163,Construction of Drainage in Coimbatore,Praesentium earum ratione sint dicta. Tempore modi omnis suscipit.,Drainage,Tamil Nadu,Coimbatore,Coimbatore,Coimbatore East,Rajya Sabha,Aarush Sani,State Housing Board,1895157.35,1690199.52,2232198.3033813033,2025-04-23,2025-05-06,2025-05-11,2025-07-03,,Ongoing,2025-2026,No
MPLADS/TA/2026-2027/0164,Construction of Drinking Water in Chennai,Placeat aliquam perferendis sit expedita. Atque assumenda quo iusto vero sint blanditiis.,Drinking Water,Tamil Nadu,Chennai,Chennai,Chennai East,Rajya Sabha,Damini Patel,PWD,2319110.867904244,971909.07,1331208.387891825,2026-01-08,2026-01-26,2026-01-29,2026-03-27,,Ongoing,2026-2027,No
MPLADS/MA/2026-2027/0165,Construction of Drinking Water in Jabalpur,"Dicta ut numquam. Debitis est porro.
Sed laboriosam deleniti a velit cum.",Drinking Water,Madhya Pradesh,Jabalpur,Jabalpur,Jabalpur East,Lok Sabha,Harish Bhargava,Gram Panchayat,1481688.06,1183583.75,1301260.55299563,2026-01-14,2026-02-14,2026-02-16,2026-03-01,2026-10-09,Completed,2026-2027,Yes
MPLADS/KA/2024-2025/0166,Construction of School Building in Bangalore,Ipsam odit id neque facilis a a. Amet magnam rerum. Sit dolores tenetur eos ipsam error incidunt.,School Building,Karnataka,Bangalore,Bangalore,Bangalore East,Lok Sabha,Oeshi Kale,Municipal Corporation,12035658.865724022,5875619.66,6481089.339504531,2024-04-23,2024-05-12,2024-05-16,2024-06-25,2025-03-05,Completed,2024-2025,Yes
MPLADS/MA/2024-2025/0167,Construction of Health Center in Thane,Amet quam quo sint adipisci. Ex molestias id. Quia consequatur consequuntur cumque.,Health Center,Maharashtra,Thane,Thane,Thane East,Rajya Sabha,Nachiket Badami,State Housing Board,2822060.16,1445927.4,1477324.264983865,2024-09-17,2024-10-22,2024-10-24,2024-11-29,2025-03-18,Completed,2024-2025,Yes
MPLADS/UT/2026-2027/0168,Construction of Drinking Water in Varanasi,Molestias temporibus unde autem quaerat. Aperiam expedita saepe recusandae tempora.,Drinking Water,Uttar Pradesh,Varanasi,Varanasi,Varanasi East,Rajya Sabha,Zilmil Krishnamurthy,PWD,1948396.49,167275.21,1310811.0379545463,2026-01-01,2026-01-19,2026-01-20,2026-02-20,,Ongoing,2026-2027,No
MPLADS/UT/2025-2026/0169,Construction of Street Light in Varanasi,Dolores perferendis optio ab. Cupiditate rerum nostrum itaque asperiores.,Street Light,Uttar Pradesh,Varanasi,Varanasi,Varanasi East,Rajya Sabha,Veer Ratta,PWD,450922.38,360487.9,624671.6821863537,2025-03-31,2025-04-16,2025-04-20,2025-06-10,,Ongoing,2025-2026,No
MPLADS/TA/2025-2026/0170,Construction of Health Center in Madurai,Modi aut quia provident voluptatibus voluptatibus quo. Nihil sequi et rem a molestiae.,Health Center,Tamil Nadu,Madurai,Madurai,Madurai East,Lok Sabha,Sai Wable,State Housing Board,1246263.84,351814.13,694737.6763789128,2025-05-19,2025-06-22,2025-06-26,2025-08-07,,Ongoing,2025-2026,No
MPLADS/UT/2026-2027/0171,Construction of Street Light in Lucknow,Minima possimus dicta quis quasi sunt accusantium. Excepturi modi assumenda nulla.,Street Light,Uttar Pradesh,Lucknow,Lucknow,Lucknow East,Lok Sabha,Yug Lala,Municipal Corporation,322097.11,209505.6,229103.06577696383,2026-04-15,2026-04-23,2026-04-25,2026-06-02,2027-04-04,Completed,2026-2027,Yes
MPLADS/TA/2025-2026/0172,Construction of Health Center in Madurai,Eligendi modi doloribus dicta. Aspernatur laborum optio enim.,Health Center,Tamil Nadu,Madurai,Madurai,Madurai East,Rajya Sabha,Faras Sachar,PWD,1184189.72,753184.88,1049684.705947612,2025-02-06,2025-02-26,2025-03-02,2025-04-24,,Ongoing,2025-2026,No
MPLADS/MA/2026-2027/0173,Construction of Drinking Water in Thane,Vero quo aliquid maxime error aspernatur nesciunt labore. Eius quod ut qui.,Drinking Water,Maharashtra,Thane,Thane,Thane East,Rajya Sabha,Qabil Kalla,Municipal Corporation,961449.15,345300.04,897396.6385721907,2026-03-06,2026-03-19,2026-03-23,2026-04-11,,Ongoing,2026-2027,No
MPLADS/KA/2024-2025/0174,Construction of Library in Hubli,Placeat corporis nobis.,Library,Karnataka,Hubli,Hubli,Hubli East,Lok Sabha,Ranveer Walla,Gram Panchayat,2038806.38,902485.12,1693358.7334340482,2024-02-15,2024-03-19,2024-03-21,2024-05-18,,Ongoing,2024-2025,No
MPLADS/MA/2023-2024/0175,Construction of Library in Indore,Excepturi sed cumque. Illum fuga iure dicta.,Library,Madhya Pradesh,Indore,Indore,Indore East,Lok Sabha,Gaurang Padmanabhan,PWD,1993683.56,200992.12,2284912.315576094,2023-09-24,2023-11-01,2023-11-02,2023-12-17,,Delayed,2023-2024,No
MPLADS/UT/2023-2024/0176,Construction of Library in Kanpur,Numquam facere porro in facilis neque.,Library,Uttar Pradesh,Kanpur,Kanpur,Kanpur East,Rajya Sabha,Bina Jaggi,State Housing Board,2379028.27,2103789.27,2137371.344236567,2023-10-23,2023-11-04,2023-11-08,2023-11-23,2024-06-09,Completed,2023-2024,Yes
MPLADS/MA/2025-2026/0177,Construction of Street Light in Thane,Laborum quibusdam ad repudiandae minima iusto vitae pariatur. Velit odit fugiat veritatis eaque.,Street Light,Maharashtra,Thane,Thane,Thane East,Rajya Sabha,Mason Mohan,Zila Parishad,502600.38,145833.1,439348.4143494165,2024-12-10,2025-03-01,2025-03-02,2025-04-28,,Ongoing,2025-2026,No
MPLADS/TA/2025-2026/0178,Construction of Community Hall in Madurai,Ipsum non nesciunt. Eligendi quae iusto est esse maxime.,Community Hall,Tamil Nadu,Madurai,Madurai,Madurai East,Lok Sabha,Yashawini Sankaran,PWD,4244240.89,607576.7,2833275.330852375,2025-06-06,2025-07-11,2025-07-15,2025-07-27,,Ongoing,2025-2026,No
MPLADS/KA/2024-2025/0179,Construction of Park in Mysore,Consectetur nostrum aspernatur perferendis eius. Culpa nam rem corrupti ex.,Park,Karnataka,Mysore,Mysore,Mysore East,Lok Sabha,Aadi Khurana,Block Development Office,694137.27,403096.01,406305.27335659234,2023-12-03,2024-04-10,2024-04-15,2024-05-03,2026-02-19,Completed,2024-2025,Yes
MPLADS/UT/2026-2027/0180,Construction of Roads in Lucknow,Laborum eius perspiciatis nisi consequatur quidem. Libero voluptates illo ducimus.,Roads,Uttar Pradesh,Lucknow,Lucknow,Lucknow East,Rajya Sabha,Rajeshri Rau,Block Development Office,3676135.33,844721.94,2150891.981250411,2026-04-17,2026-05-14,2026-05-18,2026-07-01,,Ongoing,2026-2027,No
MPLADS/TA/2024-2025/0181,Construction of Drinking Water in Chennai,Praesentium vel ut vero autem. Ipsum non consequuntur qui accusamus labore optio.,Drinking Water,Tamil Nadu,Chennai,Chennai,Chennai East,Lok Sabha,Farhan Narula,State Housing Board,1312833.67,1018254.64,1048397.4468799657,2024-07-20,2024-08-19,2024-08-23,2024-10-11,2025-07-15,Completed,2024-2025,Yes
MPLADS/MA/2025-2026/0182,Construction of Roads in Nagpur,Rem harum ratione fugit neque sed rerum quidem.,Roads,Maharashtra,Nagpur,Nagpur,Nagpur East,Lok Sabha,Thomas Karpe,PWD,814273.95,622913.56,669367.7468930111,2025-03-04,2025-03-21,2025-03-26,2025-04-18,2027-01-12,Completed,2025-2026,Yes
MPLADS/MA/2025-2026/0183,Construction of Drainage in Indore,Tempore dolorem doloremque deleniti. Reiciendis illum quae commodi distinctio nihil dolore.,Drainage,Madhya Pradesh,Indore,Indore,Indore East,Lok Sabha,Veda Taneja,Municipal Corporation,557464.5,128253.58,318169.63081936777,2024-12-02,2024-12-29,2025-01-02,2025-01-31,,Ongoing,2025-2026,No
MPLADS/KA/2026-2027/0184,Construction of Street Light in Hubli,Corporis amet reprehenderit. Repellat illum laudantium occaecati laboriosam.,Street Light,Karnataka,Hubli,Hubli,Hubli East,Rajya Sabha,Xavier Golla,State Housing Board,1799398.517184252,1089383.61,1172071.1374017284,2026-03-16,2026-04-11,2026-04-16,2026-05-16,2027-11-29,Completed,2026-2027,Yes
MPLADS/UT/2026-2027/0185,Construction of School Building in Kanpur,Nesciunt voluptatum quasi minus. Laudantium maxime labore est dolorem.,School Building,Uttar Pradesh,Kanpur,Kanpur,Kanpur East,Rajya Sabha,Samuel Tella,PWD,2664805.82,829738.37,2104249.205078492,2025-12-15,2026-01-07,2026-01-11,2026-02-25,,Ongoing,2026-2027,No
MPLADS/UT/2025-2026/0186,Construction of Community Hall in Kanpur,Tempore illum ducimus.,Community Hall,Uttar Pradesh,Kanpur,Kanpur,Kanpur East,Lok Sabha,Wishi Sandal,Zila Parishad,3356800.59,1659334.88,2760241.441353117,2025-03-30,2025-04-09,2025-04-11,2025-04-24,,Ongoing,2025-2026,No
MPLADS/MA/2025-2026/0187,Construction of Library in Pune,Deserunt quod nihil vitae quia. Placeat accusamus explicabo animi. Enim quae perspiciatis.,Library,Maharashtra,Pune,Pune,Pune East,Lok Sabha,Oliver Tella,Municipal Corporation,2131266.34,1034041.56,2902009.855776414,2025-02-27,2025-04-02,2025-04-05,2025-04-15,,Ongoing,2025-2026,No
MPLADS/KA/2026-2027/0188,Construction of Health Center in Bangalore,Dolorem ad adipisci.,Health Center,Karnataka,Bangalore,Bangalore,Bangalore East,Rajya Sabha,Sathvik Sharaf,Municipal Corporation,1927171.09,1103170.77,1442828.4080337745,2026-05-01,2026-05-25,2026-05-28,2026-07-01,,Ongoing,2026-2027,No
MPLADS/TA/2023-2024/0189,Construction of Library in Coimbatore,Voluptates sit eum saepe. Alias numquam nesciunt accusantium voluptatibus.,Library,Tamil Nadu,Coimbatore,Coimbatore,Coimbatore East,Lok Sabha,Dhruv Din,Block Development Office,1207244.4,888968.86,917359.428243769,2023-10-26,2023-11-04,2023-11-08,2024-01-05,2024-10-07,Completed,2023-2024,Yes
MPLADS/UT/2025-2026/0190,Construction of School Building in Varanasi,Dolorum adipisci libero aliquid id. Magnam eligendi a tenetur ipsam.,School Building,Uttar Pradesh,Varanasi,Varanasi,Varanasi East,Lok Sabha,Yahvi Chand,Gram Panchayat,2423314.33903225,1107993.04,1237000.0167500959,2025-07-09,2025-08-03,2025-08-06,2025-08-25,,Ongoing,2025-2026,No
MPLADS/KA/2025-2026/0191,Construction of Drainage in Hubli,Dicta facilis assumenda. Corrupti placeat magni rem unde optio recusandae.,Drainage,Karnataka,Hubli,Hubli,Hubli East,Lok Sabha,Harish Nazareth,Block Development Office,932091.03,347230.02,863966.0846108089,2025-02-27,2025-04-04,2025-04-08,2025-05-17,,Ongoing,2025-2026,No
MPLADS/UT/2026-2027/0192,Construction of Library in Varanasi,Unde est eum numquam aliquid nihil nemo. Blanditiis occaecati cupiditate.,Library,Uttar Pradesh,Varanasi,Varanasi,Varanasi East,Lok Sabha,Pooja Ratti,Gram Panchayat,2399479.16,1324546.45,1391544.9282080345,2026-02-07,2026-03-04,2026-03-09,2026-03-21,2026-07-06,Completed,2026-2027,Yes
MPLADS/UT/2024-2025/0193,Construction of School Building in Lucknow,Aliquid ratione veniam laboriosam officiis. Praesentium sequi tenetur natus blanditiis minus totam.,School Building,Uttar Pradesh,Lucknow,Lucknow,Lucknow East,Lok Sabha,Xalak Handa,Zila Parishad,10822266.763695756,6734711.19,7315823.900763558,2024-04-21,2024-04-27,2024-05-02,2024-06-11,2026-03-15,Completed,2024-2025,Yes
MPLADS/TA/2024-2025/0194,Construction of Drinking Water in Madurai,Optio sed vero. Earum sed non corrupti vero voluptates. Totam repellat quasi dolorum totam odit ab.,Drinking Water,Tamil Nadu,Madurai,Madurai,Madurai East,Lok Sabha,Ansh Sangha,State Housing Board,1402826.2431237514,636300.23,1001128.3665594219,2024-06-26,2024-07-17,2024-07-19,2024-08-04,,Delayed,2024-2025,No
MPLADS/UT/2026-2027/0195,Construction of Library in Varanasi,Aliquam iste mollitia velit. Soluta veritatis iste aspernatur dolorum voluptatum excepturi placeat.,Library,Uttar Pradesh,Varanasi,Varanasi,Varanasi East,Lok Sabha,Nathaniel Sathe,Zila Parishad,1921226.65,802312.44,1747617.1988188413,2026-02-03,2026-02-20,2026-02-21,2026-03-26,,Delayed,2026-2027,No
MPLADS/UT/2026-2027/0196,Construction of Community Hall in Kanpur,Deleniti quaerat tenetur illo. Nam atque ea ab.,Community Hall,Uttar Pradesh,Kanpur,Kanpur,Kanpur East,Lok Sabha,Upasna Pall,State Housing Board,2962380.86,645908.12,1813304.9268044385,2026-06-26,2026-10-01,2026-10-05,2026-11-08,,Ongoing,2026-2027,No
MPLADS/UT/2024-2025/0197,Construction of Street Light in Lucknow,Et non inventore culpa. Sint laboriosam facilis sint quidem voluptatum.,Street Light,Uttar Pradesh,Lucknow,Lucknow,Lucknow East,Rajya Sabha,Meera Mitra,State Housing Board,323228.51,128789.37,299167.1575361134,2024-01-27,2024-03-01,2024-03-02,2024-04-14,,Delayed,2024-2025,No
MPLADS/TA/2025-2026/0198,Construction of Community Hall in Chennai,"Eveniet minima quos magnam cumque animi. Placeat iste libero impedit.
Quia assumenda quo.",Community Hall,Tamil Nadu,Chennai,Chennai,Chennai East,Lok Sabha,Abeer Swaminathan,Zila Parishad,2684470.13,822762.97,2544588.758239984,2025-05-22,2025-06-28,2025-06-29,2025-07-20,,Delayed,2025-2026,No
MPLADS/MA/2024-2025/0199,Construction of Park in Bhopal,Corporis provident voluptatibus accusamus beatae.,Park,Madhya Pradesh,Bhopal,Bhopal,Bhopal East,Lok Sabha,Ekbal Madan,Zila Parishad,823283.49,509928.56,538959.2204167905,2024-08-03,2024-08-13,2024-08-18,2024-09-21,2025-04-13,Completed,2024-2025,Yes
MPLADS/MA/2025-2026/0200,Construction of Drainage in Thane,Nemo deleniti odio amet. Accusamus et nobis et in iusto beatae.,Drainage,Maharashtra,Thane,Thane,Thane East,Rajya Sabha,Anika Bhargava,Block Development Office,514217.82,284287.43,313175.1711470311,2025-09-30,2025-10-14,2025-10-17,2025-12-04,2026-09-26,Completed,2025-2026,No
MPLADS/TA/2026-2027/0201,Construction of Street Light in Coimbatore,Asperiores enim nostrum impedit ullam.,Street Light,Tamil Nadu,Coimbatore,Coimbatore,Coimbatore East,Rajya Sabha,Yashasvi Sant,Gram Panchayat,571557.47,246195.15,356059.45291565906,2026-09-03,2026-10-11,2026-10-13,2026-12-05,,Ongoing,2026-2027,No
MPLADS/UT/2025-2026/0202,Construction of Community Hall in Varanasi,Quam harum esse.,Community Hall,Uttar Pradesh,Varanasi,Varanasi,Varanasi East,Lok Sabha,Rohan Panchal,Municipal Corporation,3172941.43,1314993.47,2745166.487057799,2025-12-01,2025-12-21,2025-12-23,2026-02-18,,Ongoing,2025-2026,No
MPLADS/MA/2025-2026/0203,Construction of Street Light in Nagpur,A veniam neque dolores deleniti ut quaerat. Doloremque doloribus voluptatum.,Street Light,Maharashtra,Nagpur,Nagpur,Nagpur East,Rajya Sabha,Oni Tella,Zila Parishad,716610.25,177839.52,607387.6421568192,2025-11-11,2025-11-22,2025-11-24,2025-12-31,,Ongoing,2025-2026,No
MPLADS/MA/2023-2024/0204,Construction of Community Hall in Pune,Modi nulla fugiat a consequatur at praesentium placeat. Laboriosam vero corrupti nulla.,Community Hall,Maharashtra,Pune,Pune,Pune East,Lok Sabha,Caleb Sane,PWD,3764562.46,603847.47,2453374.725562558,2023-10-17,2023-11-12,2023-11-15,2023-12-19,,Ongoing,2023-2024,No
MPLADS/MA/2024-2025/0205,Construction of Library in Bhopal,Nihil porro magnam ipsam. Eveniet eveniet eveniet quia. Tempora dolorum at voluptas quibusdam.,Library,Madhya Pradesh,Bhopal,Bhopal,Bhopal East,Rajya Sabha,Ojasvi Pai,Block Development Office,835631.44,339876.96,1090499.0628392084,2024-08-28,2024-09-09,2024-09-12,2024-10-09,,Ongoing,2024-2025,No
MPLADS/TA/2024-2025/0206,Construction of Drinking Water in Coimbatore,Quo ut totam nihil.,Drinking Water,Tamil Nadu,Coimbatore,Coimbatore,Coimbatore East,Lok Sabha,Imaran Ramakrishnan,PWD,531087.48,348991.03,361650.80170010624,2024-07-29,2024-08-17,2024-08-19,2024-10-14,2025-04-28,Completed,2024-2025,Yes
MPLADS/KA/2026-2027/0207,Construction of Park in Mysore,Quam laboriosam facere beatae voluptate eum. Modi nam harum. Neque amet ipsa maxime asperiores.,Park,Karnataka,Mysore,Mysore,Mysore East,Lok Sabha,Jagvi Lad,Zila Parishad,1006014.11,225560.96,903860.4421091176,2025-12-09,2025-12-28,2026-01-02,2026-01-20,,Ongoing,2026-2027,No
MPLADS/KA/2026-2027/0208,Construction of School Building in Mysore,Autem deserunt fuga tempore. Veritatis velit corporis nisi.,School Building,Karnataka,Mysore,Mysore,Mysore East,Rajya Sabha,Faris Shah,Zila Parishad,3770678.93,2307749.65,2312832.907339128,2026-05-25,2026-06-09,2026-06-13,2026-07-29,2026-12-13,Completed,2026-2027,Yes
MPLADS/MA/2024-2025/0209,Construction of Library in Bhopal,Harum qui a magni. Quidem modi veniam nulla. Inventore officia voluptas totam beatae.,Library,Madhya Pradesh,Bhopal,Bhopal,Bhopal East,Lok Sabha,Hardik Pradhan,Gram Panchayat,2160533.38,138124.75,1406069.3943068194,2024-04-06,2024-04-12,2024-04-16,2024-06-10,,Ongoing,2024-2025,No
MPLADS/KA/2024-2025/0210,Construction of Street Light in Hubli,Ab velit mollitia officia quo. Saepe iste aut illum. Repudiandae unde quia quidem adipisci.,Street Light,Karnataka,Hubli,Hubli,Hubli East,Rajya Sabha,Urishilla Seshadri,Zila Parishad,1270546.3,438922.4,770431.7646066012,2024-10-09,2024-10-24,2024-10-26,2024-12-20,,Ongoing,2024-2025,No
MPLADS/MA/2026-2027/0211,Construction of Park in Indore,Est consequuntur aliquid ratione nam. Ipsa commodi aut quos voluptatem. Tempore neque autem.,Park,Madhya Pradesh,Indore,Indore,Indore East,Lok Sabha,Mekhala Solanki,State Housing Board,1028356.2,1401952.02,1511029.225518611,2026-02-26,2026-03-18,2026-03-21,2026-05-14,2026-11-13,Completed,2026-2027,Yes
MPLADS/TA/2025-2026/0212,Construction of Residential Complex near Roads in Chennai,Reprehenderit est praesentium. Accusantium nisi ullam.,Roads,Tamil Nadu,Chennai,Chennai,Chennai East,Lok Sabha,Ishaan Choudhary,State Housing Board,2408452.51,386523.96,2062360.0448779939,2025-03-29,2025-04-26,2025-04-29,2025-06-28,,Ongoing,2025-2026,No
MPLADS/MA/2023-2024/0213,Construction of Library in Jabalpur,Esse harum animi. Et sed voluptatem ea labore tempore.,Library,Madhya Pradesh,Jabalpur,Jabalpur,Jabalpur East,Lok Sabha,Fiyaz Warrior,State Housing Board,2467801.23,463001.93,2240725.083227359,2023-11-23,2023-12-18,2023-12-21,2024-01-25,,Ongoing,2023-2024,No
MPLADS/TA/2024-2025/0214,Construction of Street Light in Chennai,Repellat a pariatur a est ut. Quo ipsam eius unde.,Street Light,Tamil Nadu,Chennai,Chennai,Chennai East,Rajya Sabha,Karan Deol,Block Development Office,630278.25,448521.19,495061.58862704114,2024-05-17,2024-06-24,2024-06-25,2024-08-20,,Ongoing,2024-2025,No
MPLADS/UT/2025-2026/0215,Construction of Street Light in Varanasi,Alias quo eos voluptatem ducimus. Perferendis tempora minus qui non voluptate cum.,Street Light,Uttar Pradesh,Varanasi,Varanasi,Varanasi East,Lok Sabha,Eta Shukla,PWD,436946.15,126515.04,318245.816366108,2025-06-30,2025-07-20,2025-07-24,2025-08-23,,Ongoing,2025-2026,No
MPLADS/MA/2025-2026/0216,Construction of Community Hall in Nagpur,Possimus facere commodi omnis aperiam. Quos consequatur architecto illum ipsam quod earum eos.,Community Hall,Maharashtra,Nagpur,Nagpur,Nagpur East,Rajya Sabha,Jeet Char,Municipal Corporation,3410763.06,1266131.52,2143353.523351616,2025-01-05,2025-02-11,2025-02-13,2025-03-28,,Ongoing,2025-2026,No
MPLADS/KA/2025-2026/0217,Construction of Park in Bangalore,Esse optio tenetur nisi labore. Quos voluptate facere ipsum.,Park,Karnataka,Bangalore,Bangalore,Bangalore East,Rajya Sabha,Ojas Sant,Municipal Corporation,490869.91,278369.83,282493.04001269635,2025-10-06,2025-11-01,2025-11-05,2025-11-16,2026-09-27,Completed,2025-2026,No
MPLADS/UT/2024-2025/0218,Construction of Drinking Water in Lucknow,Alias corrupti vitae optio similique similique corporis. Laudantium dolores dolor aspernatur.,Drinking Water,Uttar Pradesh,Lucknow,Lucknow,Lucknow East,Lok Sabha,Indrajit Wali,PWD,881590.7,384780.92,653910.1656038004,2024-08-26,2024-09-18,2024-09-23,2024-10-14,,Ongoing,2024-2025,No
MPLADS/TA/2025-2026/0219,Construction of Street Light in Madurai,Quo ab exercitationem deserunt culpa ratione suscipit. Libero molestias nobis. Quod beatae est.,Street Light,Tamil Nadu,Madurai,Madurai,Madurai East,Rajya Sabha,Baghyawati Chaudhry,State Housing Board,402927.29,128796.83,236950.29234636182,2025-11-09,2025-11-24,2025-11-29,2026-01-03,,Ongoing,2025-2026,No
MPLADS/MA/2026-2027/0220,Construction of Drinking Water in Bhopal,Ut sapiente vitae commodi. Quam blanditiis quasi velit. Maiores unde odit ipsa.,Drinking Water,Madhya Pradesh,Bhopal,Bhopal,Bhopal East,Rajya Sabha,Mekhala Sundaram,Gram Panchayat,1040937.07,300221.01,553836.2517864157,2026-02-25,2026-03-06,2026-03-09,2026-03-26,,Ongoing,2026-2027,No
MPLADS/UT/2025-2026/0221,Construction of Park in Varanasi,Odio veniam quam. Nesciunt repellendus hic velit ex alias asperiores.,Park,Uttar Pradesh,Varanasi,Varanasi,Varanasi East,Lok Sabha,Manya Sagar,Municipal Corporation,1725863.43,1112233.44,1148874.9140472454,2025-08-02,2025-08-28,2025-08-30,2025-10-10,2026-06-03,Completed,2025-2026,Yes
MPLADS/KA/2025-2026/0222,Construction of School Building in Mysore,Dolorem minus error dicta itaque possimus dolor.,School Building,Karnataka,Mysore,Mysore,Mysore East,Rajya Sabha,Faris Barad,Block Development Office,200000.0,86037.83,152050.7616971436,2025-05-25,2025-08-27,2025-08-28,2025-10-08,,Ongoing,2025-2026,No
MPLADS/KA/2024-2025/0223,Construction of Street Light in Hubli,Cum velit quas minus nisi sequi quibusdam mollitia. Nihil culpa quo optio temporibus.,Street Light,Karnataka,Hubli,Hubli,Hubli East,Rajya Sabha,Ronith Patil,Block Development Office,637252.04,559773.16,579566.1477771214,2024-06-14,2024-07-04,2024-07-09,2024-07-20,2024-12-12,Completed,2024-2025,Yes
MPLADS/KA/2024-2025/0224,Construction of Street Light in Hubli,Cupiditate ipsam accusamus sapiente. Exercitationem suscipit neque facere ipsum iure at fuga.,Street Light,Karnataka,Hubli,Hubli,Hubli East,Rajya Sabha,Odika Verma,PWD,200000.0,107563.5,166054.00932613618,2024-08-12,2024-09-04,2024-09-09,2024-10-12,,Ongoing,2024-2025,No
MPLADS/MA/2024-2025/0225,Construction of Park in Bhopal,"Culpa esse facilis neque natus. Aut nostrum consequuntur illo nihil sapiente.
Accusamus qui eum.",Park,Madhya Pradesh,Bhopal,Bhopal,Bhopal East,Lok Sabha,Yash Dubey,State Housing Board,611227.25,153905.26,306047.81633616355,2024-07-15,2024-08-17,2024-08-18,2024-09-25,,Ongoing,2024-2025,No
MPLADS/KA/2026-2027/0226,Construction of Health Center in Bangalore,Odit dolore fuga. Tempora aliquid suscipit dignissimos cumque doloribus.,Health Center,Karnataka,Bangalore,Bangalore,Bangalore East,Lok Sabha,Pallavi Sami,State Housing Board,3088950.6,1240825.83,1803576.5302320723,2026-08-23,2026-09-15,2026-09-20,2026-11-09,,Ongoing,2026-2027,No
MPLADS/UT/2026-2027/0227,Construction of Drainage in Lucknow,"A corrupti aspernatur.
Nostrum quos id ullam. Doloremque nobis iste.",Drainage,Uttar Pradesh,Lucknow,Lucknow,Lucknow East,Lok Sabha,Vasatika Iyer,Gram Panchayat,1238568.01,394751.98,652157.9894631143,2026-03-24,2026-04-17,2026-04-20,2026-05-18,,Ongoing,2026-2027,No
MPLADS/UT/2024-2025/0228,Construction of Roads in Kanpur,Voluptatibus fuga doloribus doloribus dignissimos illum labore.,Roads,Uttar Pradesh,Kanpur,Kanpur,Kanpur East,Lok Sabha,Bina Varghese,State Housing Board,637804.18,87545.49,568132.2986885335,2024-09-13,2024-09-25,2024-09-27,2024-10-22,,Ongoing,2024-2025,No
MPLADS/KA/2026-2027/0229,Construction of School Building in Mysore,Consequatur veritatis et reprehenderit. Possimus eum praesentium cum.,School Building,Karnataka,Mysore,Mysore,Mysore East,Rajya Sabha,Riya Dave,Zila Parishad,1927044.44,2209830.45,2282444.126635704,2026-01-21,2026-02-16,2026-02-20,2026-03-06,2027-01-11,Completed,2026-2027,Yes
MPLADS/TA/2026-2027/0230,Construction of Street Light in Coimbatore,Molestias similique corporis ex. Odio harum laudantium nam ab facilis.,Street Light,Tamil Nadu,Coimbatore,Coimbatore,Coimbatore East,Rajya Sabha,Ekansh Dash,PWD,635919.55,458507.46,587237.3463473946,2026-03-17,2026-04-22,2026-04-23,2026-06-18,,Delayed,2026-2027,No
MPLADS/MA/2025-2026/0231,Construction of Park in Thane,Exercitationem delectus fuga.,Park,Maharashtra,Thane,Thane,Thane East,Rajya Sabha,Chaman Tailor,Block Development Office,507853.35,233897.27,259795.52595774736,2025-06-12,2025-07-15,2025-07-18,2025-08-17,2026-01-20,Completed,2025-2026,Yes
MPLADS/MA/2025-2026/0232,Construction of Community Hall in Pune,Molestias ratione rem libero soluta voluptatum. Nisi error sapiente doloribus.,Community Hall,Maharashtra,Pune,Pune,Pune East,Rajya Sabha,Anthony Jain,Block Development Office,2759750.31,2131144.36,2166955.35095609,2025-07-09,2025-07-17,2025-07-19,2025-08-26,,Ongoing,2025-2026,No
MPLADS/UT/2024-2025/0233,Construction of School Building in Varanasi,Esse eaque nostrum laboriosam porro. Minima neque et eum exercitationem in minima quos.,School Building,Uttar Pradesh,Varanasi,Varanasi,Varanasi East,Lok Sabha,Jagrati Vala,Zila Parishad,3068357.76,2834491.04,2896812.500911901,2024-12-06,2024-12-18,2024-12-21,2025-01-05,2026-12-31,Completed,2024-2025,No
MPLADS/TA/2025-2026/0234,Construction of Health Center in Madurai,Quidem doloremque magni maiores. Voluptatem iusto aliquam. Accusantium autem modi repellat vero.,Health Center,Tamil Nadu,Madurai,Madurai,Madurai East,Rajya Sabha,Matthew Acharya,PWD,1348399.65,532356.64,751783.5175359997,2024-12-05,2025-02-16,2025-02-20,2025-03-06,,Ongoing,2025-2026,No
MPLADS/MA/2025-2026/0235,Construction of Drainage in Pune,Corporis rem id quidem placeat consequuntur. Ad ipsum officia.,Drainage,Maharashtra,Pune,Pune,Pune East,Lok Sabha,Sathvik Sundaram,Block Development Office,2486366.45,534000.6,2299626.5187501335,2025-03-22,2025-04-22,2025-04-23,2025-05-17,,Ongoing,2025-2026,No
MPLADS/MA/2024-2025/0236,Construction of Drainage in Nagpur,Harum omnis qui cumque. Suscipit minus similique corrupti.,Drainage,Maharashtra,Nagpur,Nagpur,Nagpur East,Lok Sabha,Ekapad Luthra,Municipal Corporation,1580351.41,783638.42,1301622.8443154704,2024-03-24,2024-04-13,2024-04-15,2024-06-05,,Delayed,2024-2025,No
MPLADS/MA/2025-2026/0237,Construction of School Building in Jabalpur,Placeat veniam mollitia dolores repudiandae occaecati ex. Facere a praesentium dolorum voluptates.,School Building,Madhya Pradesh,Jabalpur,Jabalpur,Jabalpur East,Lok Sabha,Harrison Mitter,State Housing Board,200000.0,179908.71,183860.19596336398,2025-11-28,2025-12-12,2025-12-14,2026-01-19,2026-07-15,Completed,2025-2026,Yes
MPLADS/MA/2025-2026/0238,Construction of Park in Thane,Culpa illo dolor illo. Cumque enim id aperiam temporibus sit.,Park,Maharashtra,Thane,Thane,Thane East,Rajya Sabha,Forum Sha,Block Development Office,874581.73,495680.1,529135.3715999286,2025-10-05,2025-10-23,2025-10-25,2025-11-21,2026-04-06,Completed,2025-2026,Yes
MPLADS/MA/2023-2024/0239,Construction of Drinking Water in Thane,Deleniti ea sequi similique sit illum. Non maiores mollitia iusto.,Drinking Water,Maharashtra,Thane,Thane,Thane East,Rajya Sabha,Vamakshi Joshi,Gram Panchayat,669106.77,716437.92,752580.499020387,2023-09-18,2023-10-10,2023-10-14,2023-11-11,2024-08-09,Completed,2023-2024,Yes
MPLADS/UT/2024-2025/0240,Construction of Community Hall in Kanpur,Libero quas dicta quas delectus optio numquam.,Community Hall,Uttar Pradesh,Kanpur,Kanpur,Kanpur East,Lok Sabha,Shivani Khalsa,PWD,3522920.0,4988894.11,5076333.290377219,2024-10-25,2024-11-13,2024-11-15,2024-12-19,2025-07-18,Completed,2024-2025,Yes
MPLADS/MA/2026-2027/0241,Construction of Community Hall in Pune,"Esse quas blanditiis explicabo corrupti. Distinctio a saepe cumque.
Hic neque quidem.",Community Hall,Maharashtra,Pune,Pune,Pune East,Rajya Sabha,Bhavya Sura,PWD,4373708.437882185,2608431.61,2794804.686823699,2026-07-10,2026-08-14,2026-08-19,2026-09-16,2027-04-04,Completed,2026-2027,No
MPLADS/MA/2025-2026/0242,Construction of School Building in Jabalpur,Harum deserunt eos. Iste tempora dignissimos odio.,School Building,Madhya Pradesh,Jabalpur,Jabalpur,Jabalpur East,Lok Sabha,Diya Kade,Zila Parishad,2827895.34,894864.45,2493161.5454787677,2025-06-18,2025-06-28,2025-06-30,2025-07-19,,Ongoing,2025-2026,No
MPLADS/TA/2025-2026/0243,Construction of Park in Madurai,Omnis quidem possimus explicabo error illo animi.,Park,Tamil Nadu,Madurai,Madurai,Madurai East,Rajya Sabha,Tristan Dewan,Municipal Corporation,1001994.91,254013.34,691473.5434108136,2025-07-13,2025-07-20,2025-07-24,2025-08-10,,Ongoing,2025-2026,No
MPLADS/UT/2024-2025/0244,Construction of Roads in Lucknow,Voluptate dolor accusantium enim. Rerum a in ea qui.,Roads,Uttar Pradesh,Lucknow,Lucknow,Lucknow East,Rajya Sabha,Qabil Kalla,State Housing Board,2192604.16,378983.81,1225458.102364463,2024-02-10,2024-02-17,2024-02-20,2024-04-03,,Ongoing,2024-2025,No
MPLADS/UT/2023-2024/0245,Construction of School Building in Kanpur,Eum iste cum corporis incidunt. Assumenda veniam minima consequatur a voluptate est.,School Building,Uttar Pradesh,Kanpur,Kanpur,Kanpur East,Lok Sabha,Nicholas Ramakrishnan,Zila Parishad,1199555.39,732640.6,756903.5044350208,2023-10-31,2023-12-02,2023-12-03,2024-01-03,2024-05-20,Completed,2023-2024,Yes
MPLADS/MA/2026-2027/0246,Construction of Roads in Indore,Aliquam ut consequuntur.,Roads,Madhya Pradesh,Indore,Indore,Indore East,Lok Sabha,Geetika Yohannan,Gram Panchayat,1232399.01,447206.13,813399.0402428316,2026-07-11,2026-07-23,2026-07-26,2026-09-23,,Ongoing,2026-2027,No
MPLADS/UT/2025-2026/0247,Construction of Library in Varanasi,Repellat provident sequi impedit quibusdam harum hic. Maxime deserunt officia.,Library,Uttar Pradesh,Varanasi,Varanasi,Varanasi East,Lok Sabha,Hiral Prabhu,PWD,5559084.187252745,5258677.93,6650566.831120445,2025-09-10,2025-12-11,2025-12-15,2026-01-03,,Ongoing,2025-2026,No
MPLADS/MA/2024-2025/0248,Construction of Park in Jabalpur,Minus placeat aperiam voluptatum. Voluptas reiciendis non tempore.,Park,Madhya Pradesh,Jabalpur,Jabalpur,Jabalpur East,Lok Sabha,Mugdha Ravel,Municipal Corporation,538668.31,404565.96,422612.2665231772,2024-08-28,2024-09-17,2024-09-20,2024-10-17,2025-05-24,Completed,2024-2025,Yes
MPLADS/MA/2024-2025/0249,Construction of Park in Bhopal,Natus alias natus perspiciatis optio exercitationem dolorem. Fuga expedita laboriosam quia.,Park,Madhya Pradesh,Bhopal,Bhopal,Bhopal East,Rajya Sabha,Ranveer Chandran,Block Development Office,1506181.7,250308.88,1223285.5825717119,2023-12-30,2024-02-02,2024-02-05,2024-03-06,,Ongoing,2024-2025,No
MPLADS/UT/2026-2027/0250,Construction of Drinking Water in Kanpur,Quas tempora ipsam harum architecto. Nesciunt deserunt tempore labore expedita suscipit distinctio.,Drinking Water,Uttar Pradesh,Kanpur,Kanpur,Kanpur East,Lok Sabha,Vinaya Deshmukh,Municipal Corporation,1202490.86,800351.66,820578.2378069746,2026-03-15,2026-04-04,2026-04-08,2026-06-06,2027-01-20,Completed,2026-2027,Yes
MPLADS/KA/2024-2025/0251,Construction of Health Center in Bangalore,Quidem aspernatur sint aspernatur. Aperiam laudantium numquam aut ullam quam. Commodi sed ad eos.,Health Center,Karnataka,Bangalore,Bangalore,Bangalore East,Rajya Sabha,Arya Varkey,State Housing Board,739116.05,50156.25,429647.3305426074,2023-12-14,2024-01-18,2024-01-19,2024-02-19,,Ongoing,2024-2025,No
MPLADS/MA/2024-2025/0252,Construction of Library in Pune,Consectetur nulla unde. Nulla maiores quod totam.,Library,Maharashtra,Pune,Pune,Pune East,Lok Sabha,Michael Kaur,Block Development Office,2442503.36,451120.92,1620849.7197785864,2024-10-20,2024-11-12,2024-11-14,2025-01-08,,Ongoing,2024-2025,No
MPLADS/MA/2023-2024/0253,Construction of Drainage in Indore,Nostrum laborum minus molestias occaecati. Exercitationem accusamus sequi ullam voluptas.,Drainage,Madhya Pradesh,Indore,Indore,Indore East,Lok Sabha,Zaitra Mistry,State Housing Board,2473293.72,2217946.66,2250332.2777291453,2023-11-03,2023-11-10,2023-11-15,2023-12-03,2025-10-05,Completed,2023-2024,Yes
MPLADS/TA/2026-2027/0254,Construction of Park in Coimbatore,Quam laborum ullam. Qui quia eveniet cum. Dignissimos dolore fugiat voluptate in.,Park,Tamil Nadu,Coimbatore,Coimbatore,Coimbatore East,Lok Sabha,Charan Vaidya,State Housing Board,1212986.1,175928.43,907837.3484020672,2026-06-17,2026-07-04,2026-07-07,2026-07-31,,Ongoing,2026-2027,No
MPLADS/UT/2025-2026/0255,Construction of School Building in Lucknow,Qui ducimus molestias dolorum placeat aspernatur autem. Odio illum nemo id suscipit id.,School Building,Uttar Pradesh,Lucknow,Lucknow,Lucknow East,Rajya Sabha,Ria Bala,Zila Parishad,720945.05,130628.64,653642.6451835074,2025-10-19,2025-11-08,2025-11-11,2026-01-09,,Ongoing,2025-2026,No
MPLADS/MA/2026-2027/0256,Construction of School Building in Pune,Nam officiis libero asperiores non deleniti. Excepturi sint sequi inventore aliquam.,School Building,Maharashtra,Pune,Pune,Pune East,Lok Sabha,Charvi Nayar,Zila Parishad,2273648.89,277021.38,1797335.4804575127,2026-02-27,2026-03-30,2026-04-04,2026-04-16,,Ongoing,2026-2027,No
MPLADS/MA/2026-2027/0257,Construction of Health Center in Thane,Ab odit quas. Earum facilis vero ab. Ea quidem ex saepe.,Health Center,Maharashtra,Thane,Thane,Thane East,Rajya Sabha,Champak Trivedi,Block Development Office,3266911.15,360565.42,1816662.484637907,2026-06-08,2026-09-01,2026-09-04,2026-09-25,,Ongoing,2026-2027,No
MPLADS/MA/2024-2025/0258,Construction of Library in Jabalpur,A consectetur ipsam laborum ullam eligendi. Quam fugit maiores pariatur mollitia.,Library,Madhya Pradesh,Jabalpur,Jabalpur,Jabalpur East,Lok Sabha,Jeevika Soman,Block Development Office,1304631.37,252908.51,1162406.8725955922,2024-02-03,2024-02-14,2024-02-16,2024-03-04,,Ongoing,2024-2025,No
MPLADS/UT/2024-2025/0259,Construction of Park in Lucknow,Totam veritatis consectetur. Debitis consequuntur provident hic quo repellat doloribus.,Park,Uttar Pradesh,Lucknow,Lucknow,Lucknow East,Lok Sabha,Manthan Luthra,State Housing Board,977527.77,118097.34,850062.510628386,2024-03-10,2024-04-14,2024-04-19,2024-06-05,,Ongoing,2024-2025,No
MPLADS/MA/2024-2025/0260,Construction of Street Light in Pune,Delectus alias beatae delectus modi fugiat cumque.,Street Light,Maharashtra,Pune,Pune,Pune East,Lok Sabha,Varenya Garg,PWD,654926.81,100835.32,429191.74532165745,2024-04-06,2024-05-11,2024-05-14,2024-05-31,,Ongoing,2024-2025,No
MPLADS/MA/2025-2026/0261,Construction of Park in Indore,Impedit ad repellendus velit sint adipisci deleniti.,Park,Madhya Pradesh,Indore,Indore,Indore East,Rajya Sabha,Yadavi Nagar,Block Development Office,429227.81,166876.53,244647.43719282164,2025-07-15,2025-08-12,2025-08-15,2025-09-07,,Delayed,2025-2026,No
MPLADS/UT/2024-2025/0262,Construction of Health Center in Lucknow,Voluptate id rerum ex deleniti et.,Health Center,Uttar Pradesh,Lucknow,Lucknow,Lucknow East,Rajya Sabha,Omkaar Dua,Block Development Office,1940474.64,861389.8,1667471.2119824567,2024-05-11,2024-05-30,2024-06-03,2024-06-16,,Ongoing,2024-2025,No
MPLADS/UT/2026-2027/0263,Construction of Library in Varanasi,Delectus veniam minima cum. Numquam ad ipsam corporis autem ipsum.,Library,Uttar Pradesh,Varanasi,Varanasi,Varanasi East,Rajya Sabha,Ekaraj Banik,Gram Panchayat,200000.0,37168.16,169352.0561467582,2025-10-01,2026-01-04,2026-01-07,2026-02-16,,Ongoing,2026-2027,No
MPLADS/KA/2025-2026/0264,Construction of School Building in Mysore,Possimus eveniet fugiat sit. Et aspernatur beatae eum doloremque consequuntur exercitationem eum.,School Building,Karnataka,Mysore,Mysore,Mysore East,Lok Sabha,Bhavani Choudhury,PWD,4969293.061748044,4232255.13,4439858.778970657,2024-12-31,2025-02-04,2025-02-07,2025-02-20,2025-09-15,Completed,2025-2026,Yes
MPLADS/MA/2025-2026/0265,Construction of Health Center in Pune,Maxime fugit iure. Reiciendis amet culpa veniam nostrum doloribus corporis.,Health Center,Maharashtra,Pune,Pune,Pune East,Lok Sabha,Azad Tailor,State Housing Board,1747431.85,1334336.34,1358329.4056207389,2025-01-26,2025-02-04,2025-02-06,2025-03-24,2025-12-07,Completed,2025-2026,Yes
MPLADS/MA/2025-2026/0266,Construction of Drainage in Indore,Perferendis quia beatae tempore rerum. Vel molestiae veritatis culpa nam similique saepe odio.,Drainage,Madhya Pradesh,Indore,Indore,Indore East,Rajya Sabha,Aashi Joshi,PWD,451330.09,226945.91,349391.3777642903,2025-09-09,2025-10-06,2025-10-11,2025-11-26,,Ongoing,2025-2026,No
MPLADS/MA/2026-2027/0267,Construction of Commercial Shop near School Building in Indore,Officia voluptatum dignissimos amet quas quod.,School Building,Madhya Pradesh,Indore,Indore,Indore East,Lok Sabha,Damini Doctor,PWD,5448616.96,1358251.1,3142314.2991295042,2026-05-22,2026-05-31,2026-06-02,2026-06-13,,Ongoing,2026-2027,No
MPLADS/UT/2026-2027/0268,Construction of School Building in Kanpur,Impedit exercitationem labore dolorum tempore repellat modi at. Quis sit tempore expedita.,School Building,Uttar Pradesh,Kanpur,Kanpur,Kanpur East,Rajya Sabha,Eta Dash,Zila Parishad,854787.93,70397.67,428253.40176419896,2025-10-03,2026-02-03,2026-02-05,2026-04-05,,Ongoing,2026-2027,No
MPLADS/MA/2025-2026/0269,Construction of Park in Nagpur,Sapiente unde corporis doloribus laborum. Autem vero laudantium perspiciatis sint.,Park,Maharashtra,Nagpur,Nagpur,Nagpur East,Rajya Sabha,Baghyawati Choudhry,Zila Parishad,623982.21,620520.5,801281.482600871,2025-05-25,2025-06-11,2025-06-13,2025-08-08,,Delayed,2025-2026,No
MPLADS/TA/2024-2025/0270,Construction of Library in Chennai,Rerum nihil saepe odio aut. Odit nobis eius veniam rerum esse quidem. Quo ex eligendi eos.,Library,Tamil Nadu,Chennai,Chennai,Chennai East,Rajya Sabha,Sarthak Koshy,Gram Panchayat,1891518.4,2335847.7,2662839.962760021,2024-04-17,2024-05-17,2024-05-22,2024-06-12,,Ongoing,2024-2025,No
MPLADS/UT/2024-2025/0271,Construction of Roads in Lucknow,Vel illum quia consequatur dolor ipsa. Omnis nemo eligendi nemo.,Roads,Uttar Pradesh,Lucknow,Lucknow,Lucknow East,Lok Sabha,Umang Rajagopal,Gram Panchayat,2653018.63,723598.79,2328583.256960285,2023-12-17,2024-01-03,2024-01-08,2024-01-20,,Ongoing,2024-2025,No
MPLADS/MA/2024-2025/0272,Construction of Street Light in Bhopal,Cumque facilis nam officia consequatur. Possimus quasi corrupti. Recusandae libero est.,Street Light,Madhya Pradesh,Bhopal,Bhopal,Bhopal East,Rajya Sabha,Vihaan Handa,State Housing Board,212827.57,168699.37,177661.17548190808,2024-11-14,2024-11-23,2024-11-26,2024-12-16,2026-12-28,Completed,2024-2025,Yes
MPLADS/TA/2025-2026/0273,Construction of Health Center in Chennai,Voluptatem magnam accusantium voluptas at. Ut asperiores fugit molestiae quisquam fuga.,Health Center,Tamil Nadu,Chennai,Chennai,Chennai East,Lok Sabha,Udant Shenoy,Zila Parishad,3163163.75,458224.28,2044034.7208569471,2025-07-15,2025-08-01,2025-08-02,2025-08-15,,Ongoing,2025-2026,No
MPLADS/KA/2024-2025/0274,Construction of Park in Mysore,Consequatur voluptate laudantium fugit veniam. Eum amet et temporibus.,Park,Karnataka,Mysore,Mysore,Mysore East,Lok Sabha,Rachita Ahluwalia,Block Development Office,804093.22,615932.76,649704.8683560521,2024-12-14,2024-12-22,2024-12-27,2025-02-16,2025-06-02,Completed,2024-2025,Yes
MPLADS/TA/2024-2025/0275,Construction of Community Hall in Coimbatore,Esse reprehenderit necessitatibus perspiciatis. Maiores excepturi impedit sit.,Community Hall,Tamil Nadu,Coimbatore,Coimbatore,Coimbatore East,Rajya Sabha,Ridhi Misra,Municipal Corporation,1322189.62,487048.8,1113819.0856331936,2024-06-19,2024-07-26,2024-07-27,2024-09-10,,Delayed,2024-2025,No
MPLADS/MA/2025-2026/0276,Construction of Street Light in Jabalpur,Rerum eveniet exercitationem eveniet atque necessitatibus. Sed error ex laborum.,Street Light,Madhya Pradesh,Jabalpur,Jabalpur,Jabalpur East,Lok Sabha,Advika Tandon,Block Development Office,592420.69,197203.64,484545.2689558451,2025-01-31,2025-03-07,2025-03-12,2025-04-18,,Ongoing,2025-2026,No
MPLADS/UT/2025-2026/0277,Construction of Library in Kanpur,Assumenda aspernatur excepturi officia adipisci ipsum illo. Magni labore similique nesciunt odio.,Library,Uttar Pradesh,Kanpur,Kanpur,Kanpur East,Rajya Sabha,Krisha Ratta,State Housing Board,1939341.79,688476.96,1099464.7284022009,2025-07-14,2025-08-07,2025-08-10,2025-09-08,,Ongoing,2025-2026,No
MPLADS/UT/2025-2026/0278,Construction of Drainage in Lucknow,Culpa soluta odit. Perspiciatis beatae eveniet maxime.,Drainage,Uttar Pradesh,Lucknow,Lucknow,Lucknow East,Rajya Sabha,Amara Naik,State Housing Board,2210069.3031091895,767548.85,1325597.0403765491,2025-04-03,2025-05-01,2025-05-03,2025-05-19,,Ongoing,2025-2026,No
MPLADS/MA/2024-2025/0279,Construction of Community Hall in Nagpur,Eaque eum velit voluptates porro.,Community Hall,Maharashtra,Nagpur,Nagpur,Nagpur East,Rajya Sabha,Vaishnavi Chand,Block Development Office,2583762.5,1242243.35,1352493.183268608,2024-11-01,2024-11-23,2024-11-26,2024-12-11,2025-06-13,Completed,2024-2025,Yes
MPLADS/MA/2024-2025/0280,Construction of Street Light in Nagpur,Laboriosam inventore soluta eveniet. Velit temporibus esse eaque suscipit.,Street Light,Maharashtra,Nagpur,Nagpur,Nagpur East,Rajya Sabha,Wriddhish Chhabra,Municipal Corporation,422937.28,269005.05,275089.8119348248,2024-01-02,2024-02-06,2024-02-07,2024-02-26,2026-02-18,Completed,2024-2025,Yes
MPLADS/MA/2025-2026/0281,Construction of Library in Bhopal,Doloremque quo atque explicabo minima nisi nam. Nemo explicabo porro dolor reprehenderit.,Library,Madhya Pradesh,Bhopal,Bhopal,Bhopal East,Rajya Sabha,Shravya Sarkar,Block Development Office,1879462.14,1049128.86,1141234.782210036,2025-07-27,2025-08-27,2025-09-01,2025-10-24,2026-04-10,Completed,2025-2026,No
MPLADS/MA/2024-2025/0282,Construction of Library in Thane,Incidunt quisquam aspernatur similique veritatis neque at.,Library,Maharashtra,Thane,Thane,Thane East,Lok Sabha,Abhimanyu Sekhon,State Housing Board,2263491.47,741692.93,2091054.3921949882,2024-02-29,2024-03-25,2024-03-29,2024-04-19,,Delayed,2024-2025,No
MPLADS/UT/2024-2025/0283,Construction of Roads in Lucknow,Sapiente optio in soluta itaque quisquam amet. Facere quis deserunt fuga itaque aut quas.,Roads,Uttar Pradesh,Lucknow,Lucknow,Lucknow East,Lok Sabha,Chakradhar Yohannan,State Housing Board,2768813.45,1564733.22,1623266.799601567,2024-02-13,2024-03-05,2024-03-07,2024-04-24,,Ongoing,2024-2025,No
MPLADS/MA/2024-2025/0284,Construction of Library in Nagpur,Quae officiis non repellat ullam odit. Deleniti vero modi consectetur cupiditate qui.,Library,Maharashtra,Nagpur,Nagpur,Nagpur East,Lok Sabha,Hamsini Gola,Zila Parishad,933529.15,709181.43,731363.2252369685,2023-11-27,2023-12-30,2024-01-03,2024-01-13,2024-09-18,Completed,2024-2025,Yes
MPLADS/UT/2024-2025/0285,Construction of Community Hall in Varanasi,Vel tempore totam sed. Repudiandae laudantium neque amet excepturi magnam sint.,Community Hall,Uttar Pradesh,Varanasi,Varanasi,Varanasi East,Rajya Sabha,Amol Bose,Gram Panchayat,5059640.05,4313318.96,4706028.459140416,2024-06-27,2024-07-28,2024-07-31,2024-09-13,2025-06-20,Completed,2024-2025,Yes
MPLADS/KA/2023-2024/0286,Construction of School Building in Bangalore,Velit maiores facere deserunt ipsam animi ratione ratione. Eaque ipsam officiis doloremque.,School Building,Karnataka,Bangalore,Bangalore,Bangalore East,Lok Sabha,Vasatika Nadkarni,Municipal Corporation,200000.0,104792.9,150624.87311768156,2023-10-13,2023-11-07,2023-11-11,2023-11-23,,Ongoing,2023-2024,No
MPLADS/MA/2024-2025/0287,Construction of Street Light in Thane,Doloremque modi magnam doloribus laboriosam aut itaque. Id occaecati debitis incidunt.,Street Light,Maharashtra,Thane,Thane,Thane East,Lok Sabha,Wahab Kalita,Zila Parishad,469642.98,147399.08,384503.5724858965,2024-06-10,2024-06-17,2024-06-20,2024-07-19,,Ongoing,2024-2025,No
MPLADS/UT/2023-2024/0288,Construction of Drinking Water in Lucknow,Dicta rerum aliquid officia nulla neque recusandae. Non recusandae earum quisquam officiis.,Drinking Water,Uttar Pradesh,Lucknow,Lucknow,Lucknow East,Lok Sabha,Saumya Cheema,Block Development Office,1294158.6,457527.98,804572.817276645,2023-10-03,2023-11-03,2023-11-06,2024-01-01,,Ongoing,2023-2024,No
MPLADS/KA/2026-2027/0289,Construction of Park in Bangalore,Modi esse sunt earum similique quam.,Park,Karnataka,Bangalore,Bangalore,Bangalore East,Lok Sabha,Aditya Venkataraman,Gram Panchayat,912396.75,829907.41,844781.3282105225,2026-07-18,2026-08-23,2026-08-24,2026-10-05,2026-12-18,Completed,2026-2027,Yes
MPLADS/MA/2026-2027/0290,Construction of Roads in Jabalpur,Nostrum qui totam aperiam iure perspiciatis maiores. Voluptatem adipisci dolor.,Roads,Madhya Pradesh,Jabalpur,Jabalpur,Jabalpur East,Rajya Sabha,Hemangini Bose,Municipal Corporation,1001840.38,279943.36,580597.4146163606,2026-03-03,2026-04-22,2026-04-26,2026-05-09,,Delayed,2026-2027,No
MPLADS/TA/2024-2025/0291,Construction of Library in Coimbatore,A possimus beatae dolor. Consequuntur reiciendis itaque similique aut nesciunt necessitatibus.,Library,Tamil Nadu,Coimbatore,Coimbatore,Coimbatore East,Rajya Sabha,Yasti Mannan,PWD,1654314.42,480332.64,980630.5297534991,2023-10-24,2024-01-25,2024-01-29,2024-03-17,,Ongoing,2024-2025,No
MPLADS/MA/2025-2026/0292,Construction of Drainage in Jabalpur,Laudantium doloremque in nemo tenetur ab. Itaque repellat accusantium sunt perspiciatis enim.,Drainage,Madhya Pradesh,Jabalpur,Jabalpur,Jabalpur East,Lok Sabha,Girish Sharaf,Zila Parishad,904199.44,183810.21,525955.72012364,2025-09-20,2025-10-22,2025-10-23,2025-11-20,,Ongoing,2025-2026,No
MPLADS/UT/2026-2027/0293,Construction of Health Center in Varanasi,Earum temporibus iure.,Health Center,Uttar Pradesh,Varanasi,Varanasi,Varanasi East,Rajya Sabha,Logan Biswas,Zila Parishad,1410635.24,649418.23,1267263.7326426653,2025-12-19,2026-01-17,2026-01-18,2026-03-18,,Delayed,2026-2027,No
MPLADS/UT/2026-2027/0294,Construction of School Building in Varanasi,Et dolorum eum quisquam. Asperiores quod natus excepturi accusamus maiores.,School Building,Uttar Pradesh,Varanasi,Varanasi,Varanasi East,Rajya Sabha,Shivani Subramanian,PWD,4274403.15,623324.36,4872357.858192523,2026-04-14,2026-04-28,2026-05-01,2026-06-25,,Delayed,2026-2027,No
MPLADS/KA/2026-2027/0295,Construction of Commercial Shop near Street Light in Mysore,Adipisci quis fugit. Ducimus magnam architecto ratione. Architecto quod rem eveniet temporibus.,Street Light,Karnataka,Mysore,Mysore,Mysore East,Rajya Sabha,Abhimanyu Hegde,Block Development Office,571403.1,194966.48,322377.6422887801,2026-06-19,2026-07-03,2026-07-08,2026-08-12,,Ongoing,2026-2027,No
MPLADS/MA/2024-2025/0296,Construction of Drinking Water in Jabalpur,Quos laudantium asperiores inventore reiciendis. Cupiditate odit vero reprehenderit fugit.,Drinking Water,Madhya Pradesh,Jabalpur,Jabalpur,Jabalpur East,Rajya Sabha,Ranveer Suri,PWD,653545.2,286399.52,468063.4803374915,2024-05-05,2024-07-26,2024-07-29,2024-08-25,,Ongoing,2024-2025,No
MPLADS/UT/2025-2026/0297,Construction of Library in Lucknow,Quis enim repellat. Ratione magnam rem labore. Repudiandae quam distinctio ullam.,Library,Uttar Pradesh,Lucknow,Lucknow,Lucknow East,Rajya Sabha,Imaran Bhandari,PWD,2429719.91,1409815.13,1507290.081026713,2025-11-18,2025-12-18,2025-12-23,2026-01-27,2027-02-09,Completed,2025-2026,Yes
MPLADS/KA/2024-2025/0298,Construction of Park in Mysore,"Delectus nesciunt ex distinctio.
Assumenda nihil dignissimos. Neque quam assumenda vero enim quam.",Park,Karnataka,Mysore,Mysore,Mysore East,Rajya Sabha,Geetika Kibe,Gram Panchayat,922919.81,565444.78,621249.3617169067,2023-12-23,2024-01-22,2024-01-24,2024-02-24,2024-06-28,Completed,2024-2025,Yes
MPLADS/TA/2024-2025/0299,Construction of Drinking Water in Madurai,Molestias in voluptas voluptatem deserunt omnis expedita. Suscipit molestias reprehenderit eius.,Drinking Water,Tamil Nadu,Madurai,Madurai,Madurai East,Lok Sabha,Oni Chaudhari,State Housing Board,1406431.06,590944.6,1092886.3061058638,2024-10-14,2024-11-18,2024-11-21,2024-12-07,,Ongoing,2024-2025,No
MPLADS/TA/2024-2025/0300,Construction of Community Hall in Madurai,Beatae fugit rerum laborum animi. Blanditiis amet repellendus.,Community Hall,Tamil Nadu,Madurai,Madurai,Madurai East,Lok Sabha,Warda Yogi,Municipal Corporation,3255554.61,2880617.68,2936194.1386684305,2024-08-13,2024-09-11,2024-09-15,2024-11-14,2025-03-29,Completed,2024-2025,Yes
MPLADS/MA/2024-2025/0301,Construction of Community Hall in Jabalpur,Ratione eaque optio ut delectus asperiores. Veritatis repellendus cupiditate laboriosam asperiores.,Community Hall,Madhya Pradesh,Jabalpur,Jabalpur,Jabalpur East,Lok Sabha,Robert Gaba,Municipal Corporation,1505205.99,201902.44,754078.7654245697,2024-04-13,2024-05-05,2024-05-09,2024-06-21,,Ongoing,2024-2025,No
MPLADS/UT/2024-2025/0302,Construction of Drainage in Lucknow,Ad cupiditate fugiat optio omnis consequuntur. Occaecati cupiditate laboriosam quas.,Drainage,Uttar Pradesh,Lucknow,Lucknow,Lucknow East,Lok Sabha,Ekavir Ghosh,Gram Panchayat,863891.38,242847.28,475938.33519906766,2024-09-17,2024-10-21,2024-10-25,2024-11-13,,Ongoing,2024-2025,No
MPLADS/KA/2026-2027/0303,Construction of School Building in Mysore,Repellendus eligendi ratione sed minima eligendi veritatis. Nam odit porro earum voluptatibus.,School Building,Karnataka,Mysore,Mysore,Mysore East,Lok Sabha,Vasudha Viswanathan,PWD,4120940.41,3684367.33,3864543.6961860713,2026-02-15,2026-02-23,2026-02-25,2026-04-24,2026-10-30,Completed,2026-2027,Yes
MPLADS/KA/2025-2026/0304,Construction of Residential Complex near Park in Hubli,Minima blanditiis tempora beatae sunt minus.,Park,Karnataka,Hubli,Hubli,Hubli East,Lok Sabha,Dalbir Tank,Block Development Office,1044148.11,79693.82,702797.5738803127,2025-03-27,2025-07-21,2025-07-23,2025-09-17,,Ongoing,2025-2026,No
MPLADS/MA/2024-2025/0305,Construction of Roads in Thane,Fugit pariatur fuga. Quas cum nam. Sed quae tempora maiores itaque.,Roads,Maharashtra,Thane,Thane,Thane East,Rajya Sabha,Gavin Ramesh,Municipal Corporation,1483278.72,193653.7,781405.8035784166,2024-06-21,2024-07-05,2024-07-08,2024-08-06,,Ongoing,2024-2025,No
MPLADS/UT/2025-2026/0306,Construction of Roads in Lucknow,Veniam nisi quas possimus. Odio ratione repellendus asperiores. Fugit vitae blanditiis.,Roads,Uttar Pradesh,Lucknow,Lucknow,Lucknow East,Lok Sabha,Nilima Hans,Zila Parishad,1593861.91,237834.07,970859.277185352,2024-12-26,2025-01-14,2025-01-19,2025-03-03,,Ongoing,2025-2026,No
MPLADS/TA/2024-2025/0307,Construction of Drainage in Coimbatore,Blanditiis hic id provident perspiciatis.,Drainage,Tamil Nadu,Coimbatore,Coimbatore,Coimbatore East,Lok Sabha,Odika Ramakrishnan,Municipal Corporation,1966598.94,798909.17,2450574.3909960245,2024-04-15,2024-05-21,2024-05-25,2024-06-05,,Ongoing,2024-2025,No
MPLADS/UT/2024-2025/0308,Construction of Roads in Varanasi,A libero consectetur asperiores. Voluptate optio saepe tempora.,Roads,Uttar Pradesh,Varanasi,Varanasi,Varanasi East,Lok Sabha,Zehaan Bahri,Municipal Corporation,1026742.89,765926.02,836131.9396914968,2024-02-11,2024-02-23,2024-02-24,2024-03-29,2024-08-07,Completed,2024-2025,Yes
MPLADS/MA/2024-2025/0309,Construction of Community Hall in Pune,Mollitia assumenda quasi harum doloremque blanditiis. Assumenda maxime beatae quas pariatur itaque.,Community Hall,Maharashtra,Pune,Pune,Pune East,Lok Sabha,Ishita Gour,Block Development Office,3156516.86,797458.44,2925172.2146891933,2024-11-29,2024-12-08,2024-12-12,2025-02-04,,Ongoing,2024-2025,No
MPLADS/TA/2026-2027/0310,Construction of Community Hall in Coimbatore,Rem minus quibusdam voluptatem. Quia magni saepe officiis.,Community Hall,Tamil Nadu,Coimbatore,Coimbatore,Coimbatore East,Rajya Sabha,Vedhika Wagle,Zila Parishad,2257368.82,2048377.78,2122077.5454976954,2026-07-05,2026-08-01,2026-08-03,2026-09-08,2026-12-07,Completed,2026-2027,Yes
MPLADS/MA/2024-2025/0311,Construction of Health Center in Nagpur,Facilis minima reprehenderit vero. Eaque facere hic ab fugit nostrum.,Health Center,Maharashtra,Nagpur,Nagpur,Nagpur East,Lok Sabha,Caleb Ahuja,Zila Parishad,1782318.8,867894.19,935008.446227815,2024-10-12,2024-11-15,2024-11-17,2024-12-19,2025-05-11,Completed,2024-2025,Yes
MPLADS/KA/2024-2025/0312,Construction of Health Center in Mysore,Officia fugit iusto neque optio expedita ipsa. Tempora dolorem minima impedit.,Health Center,Karnataka,Mysore,Mysore,Mysore East,Lok Sabha,Samaksh Korpal,PWD,10868803.92886424,1996120.3,15910568.241675345,2024-01-29,2024-03-01,2024-03-05,2024-03-24,,Delayed,2024-2025,No
MPLADS/MA/2025-2026/0313,Construction of Health Center in Nagpur,Odio doloremque quod eum molestias nisi. Accusantium occaecati nihil dolores dignissimos ipsa.,Health Center,Maharashtra,Nagpur,Nagpur,Nagpur East,Rajya Sabha,Pahal Wadhwa,Zila Parishad,2825416.35,1429445.99,1469763.3392821187,2025-03-13,2025-03-30,2025-03-31,2025-04-21,2026-02-12,Completed,2025-2026,Yes
MPLADS/MA/2023-2024/0314,Construction of Roads in Pune,Blanditiis illo tempora fugiat. Occaecati blanditiis nostrum delectus commodi.,Roads,Maharashtra,Pune,Pune,Pune East,Rajya Sabha,Bhanumati Wagle,State Housing Board,5823509.02648237,817656.51,3166946.0723279826,2023-09-14,2023-09-25,2023-09-29,2023-11-17,,Ongoing,2023-2024,No
MPLADS/TA/2024-2025/0315,Construction of Community Hall in Chennai,Reiciendis voluptatum eaque. Vitae distinctio eaque velit a eius laboriosam atque.,Community Hall,Tamil Nadu,Chennai,Chennai,Chennai East,Lok Sabha,Anamika Ramanathan,Block Development Office,4066574.57,2019099.99,2204005.7017777013,2024-07-18,2024-08-01,2024-08-05,2024-09-10,2025-06-05,Completed,2024-2025,Yes
MPLADS/UT/2026-2027/0316,Construction of Park in Lucknow,Accusamus eveniet tenetur. Iure dicta eum ea. Aliquam dignissimos dolorem minima dolorem.,Park,Uttar Pradesh,Lucknow,Lucknow,Lucknow East,Lok Sabha,Indali Sarin,Block Development Office,808401.54,601052.57,625648.2385149528,2026-04-21,2026-05-22,2026-05-26,2026-06-16,2027-03-21,Completed,2026-2027,Yes
MPLADS/KA/2025-2026/0317,Construction of Park in Bangalore,Iste expedita minus soluta laudantium placeat corrupti. Commodi ab ex et consectetur.,Park,Karnataka,Bangalore,Bangalore,Bangalore East,Lok Sabha,Hiral Sura,PWD,1072781.19,944843.64,1016440.9079312568,2025-06-24,2025-07-11,2025-07-12,2025-09-05,2026-03-03,Completed,2025-2026,Yes
MPLADS/TA/2024-2025/0318,Construction of Library in Madurai,Esse facilis beatae dolorum ad. Officiis animi enim dicta esse.,Library,Tamil Nadu,Madurai,Madurai,Madurai East,Rajya Sabha,Aarush Bail,Gram Panchayat,1582813.27,734796.0,1050192.9952108595,2024-01-19,2024-01-30,2024-02-01,2024-03-12,,Ongoing,2024-2025,No
MPLADS/UT/2025-2026/0319,Construction of Roads in Varanasi,Nulla voluptates ratione. Similique nobis quos corrupti voluptatum. At impedit esse quidem quidem.,Roads,Uttar Pradesh,Varanasi,Varanasi,Varanasi East,Lok Sabha,Advaith Chauhan,Gram Panchayat,6864138.5234276755,1254059.05,4940234.082627884,2025-01-26,2025-02-28,2025-03-04,2025-03-24,,Ongoing,2025-2026,No
MPLADS/TA/2026-2027/0320,Construction of Roads in Coimbatore,Sint ut deserunt suscipit ipsum architecto quo. Sunt ad quasi blanditiis reprehenderit odio nisi.,Roads,Tamil Nadu,Coimbatore,Coimbatore,Coimbatore East,Rajya Sabha,Vrishti Mangat,Gram Panchayat,1395885.56,88417.92,932671.2567241049,2026-02-04,2026-03-04,2026-03-06,2026-03-21,,Ongoing,2026-2027,No
MPLADS/MA/2024-2025/0321,Construction of Street Light in Nagpur,Cupiditate quos molestias doloremque quos ex unde. Necessitatibus natus ullam modi.,Street Light,Maharashtra,Nagpur,Nagpur,Nagpur East,Lok Sabha,Samesh Mander,Block Development Office,519399.19,268445.04,296676.97990436794,2024-03-22,2024-04-23,2024-04-24,2024-05-29,,Ongoing,2024-2025,No
MPLADS/MA/2024-2025/0322,Construction of Drinking Water in Thane,In vel magni. Quia officiis placeat voluptas quis et eum.,Drinking Water,Maharashtra,Thane,Thane,Thane East,Lok Sabha,Forum Badami,Gram Panchayat,1297578.51,253522.23,754052.7317490273,2024-07-09,2024-07-21,2024-07-25,2024-08-25,,Ongoing,2024-2025,No
MPLADS/KA/2025-2026/0323,Construction of Library in Mysore,Ut neque placeat.,Library,Karnataka,Mysore,Mysore,Mysore East,Lok Sabha,Adya Gade,Gram Panchayat,1227245.52,699215.53,1163916.220333884,2025-10-31,2025-11-22,2025-11-25,2026-01-19,,Ongoing,2025-2026,No
MPLADS/MA/2023-2024/0324,Construction of Drainage in Nagpur,Omnis magni excepturi inventore beatae enim recusandae.,Drainage,Maharashtra,Nagpur,Nagpur,Nagpur East,Rajya Sabha,Bahadurjit Gill,Zila Parishad,2455432.37,1138990.1,1262326.6443318594,2023-09-27,2023-10-23,2023-10-24,2023-11-05,2025-11-29,Completed,2023-2024,Yes
MPLADS/MA/2025-2026/0325,Construction of Health Center in Bhopal,Qui quam enim praesentium culpa repudiandae hic. Eum dolorem ab. Impedit eius quod sit.,Health Center,Madhya Pradesh,Bhopal,Bhopal,Bhopal East,Lok Sabha,Vedhika Yogi,Block Development Office,993982.62,232043.18,617692.2591968387,2025-12-02,2025-12-16,2025-12-18,2026-02-11,,Ongoing,2025-2026,No
MPLADS/MA/2024-2025/0326,Construction of Street Light in Bhopal,Voluptate atque corrupti sed quasi quisquam. Culpa cum odit itaque neque.,Street Light,Madhya Pradesh,Bhopal,Bhopal,Bhopal East,Rajya Sabha,Raksha Sethi,Gram Panchayat,257162.28,118223.96,168160.63074469828,2024-06-12,2024-07-18,2024-07-22,2024-08-01,,Ongoing,2024-2025,No
MPLADS/MA/2026-2027/0327,Construction of Library in Indore,Eveniet soluta assumenda aperiam eos voluptate quasi.,Library,Madhya Pradesh,Indore,Indore,Indore East,Rajya Sabha,Bhanumati Parmar,Municipal Corporation,2610677.61,1375320.9,1818474.7838070672,2026-02-14,2026-03-16,2026-03-18,2026-04-03,,Ongoing,2026-2027,No
MPLADS/MA/2026-2027/0328,Construction of Park in Indore,Impedit iste magni corporis. Quam in repellendus voluptatibus ratione veniam.,Park,Madhya Pradesh,Indore,Indore,Indore East,Lok Sabha,Gayathri Sunder,State Housing Board,1116665.08,726082.73,868129.5678292194,2026-08-08,2026-09-07,2026-09-11,2026-10-12,,Delayed,2026-2027,No
MPLADS/UT/2024-2025/0329,Construction of Library in Kanpur,Dicta quisquam ullam asperiores ullam ipsam. Harum labore ullam cum.,Library,Uttar Pradesh,Kanpur,Kanpur,Kanpur East,Rajya Sabha,Devansh Dugal,State Housing Board,2236883.87,455199.02,1382978.5333885038,2024-02-19,2024-03-12,2024-03-17,2024-05-06,,Ongoing,2024-2025,No
MPLADS/TA/2025-2026/0330,Construction of School Building in Madurai,Ad autem excepturi ipsam ad. Provident odio repellendus. Minus molestiae doloremque earum.,School Building,Tamil Nadu,Madurai,Madurai,Madurai East,Rajya Sabha,Aachal Ramachandran,State Housing Board,3942518.26,2591912.15,2641094.7847675253,2025-10-14,2025-11-18,2025-11-23,2026-01-16,2027-06-26,Completed,2025-2026,Yes
MPLADS/MA/2025-2026/0331,Construction of Park in Indore,Sint perferendis architecto explicabo modi in necessitatibus. Ad reiciendis quas.,Park,Madhya Pradesh,Indore,Indore,Indore East,Lok Sabha,Jacob Garg,Gram Panchayat,795101.29,442459.04,577194.5106281165,2025-10-21,2025-12-27,2025-12-28,2026-02-18,,Ongoing,2025-2026,No
MPLADS/TA/2026-2027/0332,Construction of Drinking Water in Madurai,Sunt similique cum nobis nostrum. Perspiciatis ipsam velit perferendis atque tenetur.,Drinking Water,Tamil Nadu,Madurai,Madurai,Madurai East,Rajya Sabha,Aahana Sama,PWD,551372.81,346221.27,505530.01301529247,2026-06-20,2026-07-20,2026-07-22,2026-09-18,,Ongoing,2026-2027,No
MPLADS/MA/2025-2026/0333,Construction of Library in Thane,Nobis quod reiciendis labore. Rerum iste accusantium temporibus.,Library,Maharashtra,Thane,Thane,Thane East,Lok Sabha,Xalak Dora,State Housing Board,1853063.19,1682985.38,1756543.5206695874,2025-01-28,2025-02-25,2025-02-27,2025-04-10,2025-12-28,Completed,2025-2026,Yes
MPLADS/KA/2025-2026/0334,Construction of Drainage in Mysore,Praesentium fugit dolores consequatur sit in impedit. Harum voluptate porro fugit odio.,Drainage,Karnataka,Mysore,Mysore,Mysore East,Rajya Sabha,Faqid Mohanty,PWD,793702.97,676154.73,701051.9311555548,2025-01-02,2025-01-10,2025-01-12,2025-03-02,2025-11-28,Completed,2025-2026,Yes
MPLADS/MA/2025-2026/0335,Construction of Health Center in Jabalpur,Minus vero iure quas. Assumenda eaque ipsam numquam maxime possimus.,Health Center,Madhya Pradesh,Jabalpur,Jabalpur,Jabalpur East,Lok Sabha,Samaksh Chowdhury,Municipal Corporation,2975119.73,173749.25,1497741.6492223819,2025-01-10,2025-01-28,2025-01-29,2025-02-19,,Delayed,2025-2026,No
MPLADS/KA/2026-2027/0336,Construction of Park in Bangalore,Ex eum ex voluptatem et consectetur. Dolor quod dolor saepe asperiores. Fugiat tenetur optio aut.,Park,Karnataka,Bangalore,Bangalore,Bangalore East,Lok Sabha,Eesha Saxena,Zila Parishad,741177.05,302415.73,379342.6172990603,2026-07-26,2026-08-06,2026-08-09,2026-08-19,,Ongoing,2026-2027,No
MPLADS/MA/2025-2026/0337,Construction of Drainage in Pune,Atque voluptatem sunt atque quis. Impedit aspernatur suscipit nemo soluta.,Drainage,Maharashtra,Pune,Pune,Pune East,Rajya Sabha,Aditya Patla,State Housing Board,704701.68,399784.18,429039.2962449783,2024-12-21,2025-01-16,2025-01-19,2025-03-01,2025-09-16,Completed,2025-2026,Yes
MPLADS/UT/2025-2026/0338,Construction of Community Hall in Varanasi,Animi dignissimos neque explicabo eos. Delectus asperiores vitae quisquam dicta labore deleniti.,Community Hall,Uttar Pradesh,Varanasi,Varanasi,Varanasi East,Rajya Sabha,Maanas Seth,Municipal Corporation,2114336.99,562158.57,1151912.0745870615,2024-12-31,2025-01-19,2025-01-23,2025-02-07,,Ongoing,2025-2026,No
MPLADS/TA/2025-2026/0339,Construction of Commercial Shop near Drinking Water in Coimbatore,Neque voluptatum unde. Tempore perspiciatis doloribus in unde et.,Drinking Water,Tamil Nadu,Coimbatore,Coimbatore,Coimbatore East,Rajya Sabha,Veer Andra,Gram Panchayat,1206465.73,1054094.8,1332680.4429033422,2025-05-23,2025-06-13,2025-06-18,2025-08-15,,Delayed,2025-2026,No
MPLADS/KA/2024-2025/0340,Construction of Health Center in Bangalore,Natus mollitia labore excepturi placeat. Repellat ratione debitis molestiae voluptas.,Health Center,Karnataka,Bangalore,Bangalore,Bangalore East,Lok Sabha,Watika Shankar,State Housing Board,1436275.45,870091.66,1353741.872135253,2024-09-28,2024-11-04,2024-11-05,2024-12-09,,Ongoing,2024-2025,No
MPLADS/MA/2024-2025/0341,Construction of Library in Indore,Dolor quae quo cupiditate repellat excepturi hic commodi. Iusto vero eaque eaque.,Library,Madhya Pradesh,Indore,Indore,Indore East,Lok Sabha,Tanay Bhasin,Block Development Office,1224445.72,480426.91,657935.7241065259,2024-04-03,2024-08-12,2024-08-14,2024-09-13,,Ongoing,2024-2025,No
MPLADS/MA/2025-2026/0342,Construction of Roads in Jabalpur,Nisi nostrum quae repellendus commodi velit.,Roads,Madhya Pradesh,Jabalpur,Jabalpur,Jabalpur East,Rajya Sabha,Abhimanyu Rai,Municipal Corporation,1694949.77,177243.95,1529814.4662872134,2025-02-16,2025-03-17,2025-03-19,2025-05-11,,Ongoing,2025-2026,No
MPLADS/MA/2025-2026/0343,Construction of School Building in Thane,Optio qui nulla similique itaque quos. Vitae cum ut magni maxime vel ipsa.,School Building,Maharashtra,Thane,Thane,Thane East,Rajya Sabha,Urvi Manda,PWD,12039651.653062528,7112452.12,7159176.442407219,2025-08-15,2025-10-23,2025-10-26,2025-12-10,,Ongoing,2025-2026,No
MPLADS/KA/2024-2025/0344,Construction of Street Light in Mysore,Quae maxime eos aliquid odit. Ab consectetur sint.,Street Light,Karnataka,Mysore,Mysore,Mysore East,Lok Sabha,Damyanti Chandran,Block Development Office,398611.36,37728.86,286107.26851425844,2024-04-08,2024-08-21,2024-08-22,2024-10-05,,Ongoing,2024-2025,No
MPLADS/MA/2024-2025/0345,Construction of Community Hall in Bhopal,Vero porro sapiente doloribus. Magni et incidunt.,Community Hall,Madhya Pradesh,Bhopal,Bhopal,Bhopal East,Rajya Sabha,Chaitanya Krishnan,Gram Panchayat,1934754.03,454803.71,1100015.4462967322,2023-12-29,2024-01-08,2024-01-11,2024-02-28,,Ongoing,2024-2025,No
MPLADS/KA/2024-2025/0346,Construction of Roads in Mysore,Illo harum id iste atque blanditiis iusto. Mollitia quae fugiat dignissimos.,Roads,Karnataka,Mysore,Mysore,Mysore East,Rajya Sabha,Yahvi Kade,Gram Panchayat,1685639.95,1281649.54,1337329.4897528456,2024-12-13,2024-12-26,2024-12-30,2025-02-28,2025-08-26,Completed,2024-2025,Yes
MPLADS/TA/2026-2027/0347,Construction of Library in Chennai,Aut nam beatae suscipit ea cum. Molestiae doloremque perferendis reprehenderit.,Library,Tamil Nadu,Chennai,Chennai,Chennai East,Rajya Sabha,Vedika Bora,Municipal Corporation,786340.96,254414.37,451787.40342948266,2025-11-06,2026-03-04,2026-03-09,2026-04-13,,Ongoing,2026-2027,No
MPLADS/UT/2025-2026/0348,Construction of Drainage in Varanasi,Earum sit accusantium quos recusandae odit rem.,Drainage,Uttar Pradesh,Varanasi,Varanasi,Varanasi East,Lok Sabha,Bhavya Jhaveri,State Housing Board,355521.74,223754.96,308843.0724498326,2025-01-08,2025-02-12,2025-02-14,2025-03-07,,Ongoing,2025-2026,No
MPLADS/MA/2023-2024/0349,Construction of Roads in Pune,Provident laborum quaerat earum quaerat voluptate quae.,Roads,Maharashtra,Pune,Pune,Pune East,Rajya Sabha,Wazir Deshpande,Gram Panchayat,925244.62,731122.57,799474.4626981132,2023-09-13,2023-10-06,2023-10-07,2023-11-04,2025-11-16,Completed,2023-2024,Yes
MPLADS/UT/2025-2026/0350,Construction of Drinking Water in Lucknow,Consectetur dicta nihil tempora cumque. Velit accusantium dolorem nulla dolorum.,Drinking Water,Uttar Pradesh,Lucknow,Lucknow,Lucknow East,Rajya Sabha,Alexander Shah,Municipal Corporation,893276.42,1032520.65,1100112.5702171938,2025-04-30,2025-05-17,2025-05-20,2025-07-08,2026-02-21,Completed,2025-2026,Yes
MPLADS/KA/2026-2027/0351,Construction of Roads in Bangalore,Deleniti vitae veniam ad. Id non dolore minima.,Roads,Karnataka,Bangalore,Bangalore,Bangalore East,Rajya Sabha,Matthew Gokhale,Municipal Corporation,1748726.05,1000947.5,1045490.8010559051,2025-12-26,2026-01-23,2026-01-27,2026-02-23,2026-06-10,Completed,2026-2027,Yes
MPLADS/TA/2025-2026/0352,Construction of Street Light in Coimbatore,Inventore sed dicta quis. Accusamus ea enim. Qui earum iure perspiciatis illo tempora.,Street Light,Tamil Nadu,Coimbatore,Coimbatore,Coimbatore East,Lok Sabha,Yashoda Taneja,Municipal Corporation,795071.24,612715.45,668090.8428251691,2025-04-25,2025-05-22,2025-05-25,2025-06-12,2025-10-22,Completed,2025-2026,Yes
MPLADS/MA/2025-2026/0353,Construction of Roads in Thane,Delectus iste eveniet accusamus.,Roads,Maharashtra,Thane,Thane,Thane East,Rajya Sabha,Lucky Bobal,Gram Panchayat,2186127.7,1520090.6,2420337.4416792383,2025-06-23,2025-07-13,2025-07-15,2025-07-27,,Ongoing,2025-2026,No
MPLADS/UT/2025-2026/0354,Construction of Park in Kanpur,Quisquam aliquam qui nesciunt. Magnam eum ducimus.,Park,Uttar Pradesh,Kanpur,Kanpur,Kanpur East,Rajya Sabha,Kritika D’Alia,Gram Panchayat,736024.59,271497.12,523646.17275613296,2025-11-19,2025-12-20,2025-12-22,2026-01-30,,Ongoing,2025-2026,No
MPLADS/MA/2025-2026/0355,Construction of Health Center in Bhopal,Inventore architecto dolore similique voluptates. Omnis qui vero suscipit harum animi asperiores.,Health Center,Madhya Pradesh,Bhopal,Bhopal,Bhopal East,Lok Sabha,Chakrika Mohanty,Gram Panchayat,1980983.79,1029035.54,1536340.669190161,2025-04-12,2025-05-08,2025-05-13,2025-05-31,,Ongoing,2025-2026,No
MPLADS/KA/2026-2027/0356,Construction of Roads in Mysore,Iste nostrum porro dolore cumque laboriosam. Quidem porro beatae quos quis at quisquam.,Roads,Karnataka,Mysore,Mysore,Mysore East,Rajya Sabha,Anjali Chander,Block Development Office,697976.51,732652.21,797127.0589371878,2025-11-14,2026-02-17,2026-02-19,2026-03-03,2026-10-09,Completed,2026-2027,Yes
MPLADS/MA/2025-2026/0357,Construction of Drainage in Pune,Dolores expedita ipsa nihil dolorum.,Drainage,Maharashtra,Pune,Pune,Pune East,Rajya Sabha,Pahal Ramesh,Gram Panchayat,1188892.12,628338.97,1123864.7897583283,2025-06-28,2025-07-25,2025-07-28,2025-09-13,,Ongoing,2025-2026,No
MPLADS/TA/2026-2027/0358,Construction of Community Hall in Madurai,Mollitia delectus aliquid beatae enim enim.,Community Hall,Tamil Nadu,Madurai,Madurai,Madurai East,Lok Sabha,Vedika Ramesh,Block Development Office,2153609.63,1650995.65,1753897.9031052275,2026-03-04,2026-04-08,2026-04-12,2026-05-14,2026-10-17,Completed,2026-2027,Yes
MPLADS/UT/2026-2027/0359,Construction of School Building in Kanpur,"In ut sequi numquam eum alias.
Quibusdam omnis ea incidunt. Nam earum deserunt ut.",School Building,Uttar Pradesh,Kanpur,Kanpur,Kanpur East,Lok Sabha,Eshana Rao,Gram Panchayat,3484077.84,481911.13,2560078.327076244,2026-09-04,2026-10-02,2026-10-04,2026-10-25,,Ongoing,2026-2027,No
MPLADS/UT/2026-2027/0360,Construction of Drainage in Kanpur,Quos esse quasi fugit occaecati. Repudiandae pariatur fuga.,Drainage,Uttar Pradesh,Kanpur,Kanpur,Kanpur East,Lok Sabha,Rohan Murty,Block Development Office,703661.43,83761.24,556744.2573429856,2025-12-16,2026-01-14,2026-01-16,2026-03-04,,Ongoing,2026-2027,No
MPLADS/UT/2023-2024/0361,Construction of School Building in Lucknow,Ab impedit at officia nostrum aspernatur. Aliquam provident numquam repellendus ratione.,School Building,Uttar Pradesh,Lucknow,Lucknow,Lucknow East,Lok Sabha,Aahana Subramaniam,Municipal Corporation,3779019.77,2540782.43,3281436.803353523,2023-12-04,2023-12-17,2023-12-18,2024-02-02,,Ongoing,2023-2024,No
MPLADS/MA/2026-2027/0362,Construction of Roads in Indore,Libero vel aspernatur. Deserunt reiciendis odit laborum nihil.,Roads,Madhya Pradesh,Indore,Indore,Indore East,Rajya Sabha,Nidra Toor,State Housing Board,2726191.13,1718077.53,1920083.3596788598,2025-12-24,2026-01-23,2026-01-24,2026-02-16,,Ongoing,2026-2027,No
MPLADS/UT/2026-2027/0363,Construction of Park in Lucknow,Adipisci sint quas officiis consectetur officiis. Ullam dolorum dolores quibusdam error iusto.,Park,Uttar Pradesh,Lucknow,Lucknow,Lucknow East,Rajya Sabha,Aditya Ray,Gram Panchayat,756495.94,101424.66,401614.38179949427,2026-03-24,2026-04-24,2026-04-29,2026-06-20,,Ongoing,2026-2027,No
MPLADS/KA/2025-2026/0364,Construction of Community Hall in Hubli,Esse magnam hic magni. Iure optio veritatis soluta magni nam maiores. Ipsa aperiam tempore quidem.,Community Hall,Karnataka,Hubli,Hubli,Hubli East,Lok Sabha,Nitara Bhatnagar,Block Development Office,2982054.07,3838393.62,4069770.821323083,2025-06-26,2025-07-08,2025-07-10,2025-08-22,2026-02-24,Completed,2025-2026,Yes
MPLADS/MA/2024-2025/0365,Construction of Roads in Jabalpur,Perferendis dolorum id aliquid blanditiis maiores. Ab ipsum fugit quibusdam cupiditate.,Roads,Madhya Pradesh,Jabalpur,Jabalpur,Jabalpur East,Rajya Sabha,Chaaya Nayar,Gram Panchayat,2052115.19,1338873.18,1423925.3624577746,2024-11-07,2024-12-02,2024-12-03,2025-01-12,2025-10-29,Completed,2024-2025,Yes
MPLADS/TA/2025-2026/0366,Construction of Library in Chennai,Rerum aspernatur corporis sed.,Library,Tamil Nadu,Chennai,Chennai,Chennai East,Lok Sabha,Nathan Dewan,Block Development Office,1519145.67,1065086.42,1174833.8264901002,2025-10-15,2025-11-16,2025-11-19,2026-01-05,2026-10-17,Completed,2025-2026,Yes
MPLADS/TA/2025-2026/0367,Construction of Commercial Shop near Health Center in Coimbatore,"Tempore cupiditate quibusdam nobis excepturi.
Id eum ratione quos harum.",Health Center,Tamil Nadu,Coimbatore,Coimbatore,Coimbatore East,Lok Sabha,Indali Mann,PWD,2224092.48,1285162.37,1995389.3402593068,2025-07-11,2025-07-25,2025-07-30,2025-09-04,,Ongoing,2025-2026,No
MPLADS/MA/2023-2024/0368,Construction of Community Hall in Jabalpur,Laudantium aut laborum ratione. Commodi maxime sed voluptatibus quae quas quas.,Community Hall,Madhya Pradesh,Jabalpur,Jabalpur,Jabalpur East,Rajya Sabha,Charles Wable,Block Development Office,2515110.88,1702814.2,1978397.902649202,2023-10-21,2023-11-17,2023-11-20,2023-12-26,,Ongoing,2023-2024,No
MPLADS/TA/2025-2026/0369,Construction of Park in Madurai,Ipsam rem rerum tempora voluptates ut. Porro occaecati provident.,Park,Tamil Nadu,Madurai,Madurai,Madurai East,Rajya Sabha,Darpan Gole,Gram Panchayat,839070.44,177437.9,534820.0454461087,2025-02-26,2025-03-12,2025-03-16,2025-05-13,,Ongoing,2025-2026,No
MPLADS/UT/2023-2024/0370,Construction of Library in Kanpur,Harum nobis soluta cumque tenetur nemo. Repellendus libero amet maiores facere est hic.,Library,Uttar Pradesh,Kanpur,Kanpur,Kanpur East,Lok Sabha,Chakrika Dixit,Zila Parishad,1258893.15,592144.97,818688.8914345872,2023-10-26,2023-11-10,2023-11-14,2024-01-10,,Ongoing,2023-2024,No
MPLADS/UT/2025-2026/0371,Construction of School Building in Kanpur,Repudiandae eaque rem explicabo rem maiores excepturi. Vel sequi animi ea eius.,School Building,Uttar Pradesh,Kanpur,Kanpur,Kanpur East,Lok Sabha,Yoshita Bansal,Gram Panchayat,3036765.26,1528981.25,1667863.4485668354,2025-12-03,2025-12-20,2025-12-25,2026-02-12,2027-08-16,Completed,2025-2026,Yes
MPLADS/UT/2025-2026/0372,Construction of Park in Kanpur,Exercitationem cum maiores placeat assumenda impedit optio.,Park,Uttar Pradesh,Kanpur,Kanpur,Kanpur East,Rajya Sabha,Balhaar Modi,Zila Parishad,999199.32,589044.0,636560.9320803669,2025-03-22,2025-04-03,2025-04-08,2025-04-20,2026-03-12,Completed,2025-2026,Yes
MPLADS/MA/2025-2026/0373,Construction of School Building in Bhopal,Blanditiis nostrum tenetur sequi. Illo deserunt cum corrupti.,School Building,Madhya Pradesh,Bhopal,Bhopal,Bhopal East,Lok Sabha,Wahab Kaul,Block Development Office,5176715.41,2811570.4,3289856.0397060444,2025-05-29,2025-06-03,2025-06-08,2025-07-06,,Ongoing,2025-2026,No
MPLADS/MA/2025-2026/0374,Construction of Roads in Bhopal,Dolorum quis facilis recusandae perspiciatis.,Roads,Madhya Pradesh,Bhopal,Bhopal,Bhopal East,Lok Sabha,Harinakshi Chokshi,State Housing Board,2267416.66,3080074.66,3381749.8580449396,2025-03-02,2025-03-11,2025-03-12,2025-04-08,2025-09-18,Completed,2025-2026,Yes
MPLADS/MA/2026-2027/0375,Construction of Library in Pune,Recusandae hic odit quia. Porro impedit ut earum.,Library,Maharashtra,Pune,Pune,Pune East,Rajya Sabha,Elijah Dave,Gram Panchayat,3307227.72,1024475.1,2464587.070819456,2026-07-26,2026-08-31,2026-09-03,2026-09-30,,Ongoing,2026-2027,No
MPLADS/KA/2026-2027/0376,Construction of Roads in Hubli,Accusantium quia aut laborum quos magni. Nam eos nisi incidunt. Enim earum earum.,Roads,Karnataka,Hubli,Hubli,Hubli East,Rajya Sabha,Tanmayi Bahri,Block Development Office,886121.95,199690.8,722921.3576124319,2026-01-16,2026-02-10,2026-02-11,2026-03-25,,Ongoing,2026-2027,No
MPLADS/MA/2025-2026/0377,Construction of Drinking Water in Jabalpur,Temporibus id sunt officiis adipisci veritatis ipsa accusantium.,Drinking Water,Madhya Pradesh,Jabalpur,Jabalpur,Jabalpur East,Rajya Sabha,Yug Banerjee,Block Development Office,1436160.32,744577.0,1121221.5783549543,2025-02-07,2025-03-05,2025-03-07,2025-05-04,,Ongoing,2025-2026,No
MPLADS/MA/2024-2025/0378,Construction of Street Light in Bhopal,Sit inventore natus doloribus quia nulla. Dolores praesentium ipsa tempora.,Street Light,Madhya Pradesh,Bhopal,Bhopal,Bhopal East,Lok Sabha,Viraj Ben,PWD,536668.4,574687.81,619898.9678777596,2024-03-30,2024-04-19,2024-04-21,2024-06-13,2025-02-19,Completed,2024-2025,Yes
MPLADS/TA/2025-2026/0379,Construction of Drinking Water in Chennai,Dolor officia voluptates. Ipsam a aut. Nisi maxime explicabo.,Drinking Water,Tamil Nadu,Chennai,Chennai,Chennai East,Rajya Sabha,Oliver Pingle,State Housing Board,2094901.47,737398.44,1599145.5015772295,2025-09-20,2025-10-22,2025-10-23,2025-12-07,,Delayed,2025-2026,No
MPLADS/UT/2025-2026/0380,Construction of Drinking Water in Varanasi,Perferendis esse deleniti hic enim fugit totam. Ducimus nihil adipisci modi.,Drinking Water,Uttar Pradesh,Varanasi,Varanasi,Varanasi East,Lok Sabha,Wyatt Dugar,State Housing Board,595850.86,387859.19,404940.9125301614,2025-07-06,2025-08-04,2025-08-06,2025-09-16,2026-01-13,Completed,2025-2026,Yes
MPLADS/UT/2023-2024/0381,Construction of Drainage in Varanasi,Labore et sint dignissimos. Magnam quidem quo consequuntur. Sequi dolor est debitis accusantium.,Drainage,Uttar Pradesh,Varanasi,Varanasi,Varanasi East,Lok Sabha,Rajata Karan,PWD,696166.89,346070.58,390591.97890497505,2023-11-22,2023-12-01,2023-12-05,2024-01-23,,Ongoing,2023-2024,No
MPLADS/KA/2024-2025/0382,Construction of Drainage in Mysore,Animi fugiat dicta totam. Sed odio reiciendis modi. Accusantium culpa illo pariatur magni.,Drainage,Karnataka,Mysore,Mysore,Mysore East,Lok Sabha,Zaitra Chowdhury,Gram Panchayat,840364.41,488243.49,751424.1616530584,2023-12-08,2024-01-12,2024-01-14,2024-03-12,,Delayed,2024-2025,No
MPLADS/MA/2025-2026/0383,Construction of Roads in Bhopal,Natus mollitia earum numquam.,Roads,Madhya Pradesh,Bhopal,Bhopal,Bhopal East,Lok Sabha,Veer Sen,Block Development Office,200000.0,59885.55,141515.55838056328,2025-03-06,2025-03-30,2025-03-31,2025-05-12,,Ongoing,2025-2026,No
MPLADS/KA/2026-2027/0384,Construction of Library in Bangalore,Ea voluptate accusantium veritatis repellendus. Saepe perspiciatis sint consequuntur.,Library,Karnataka,Bangalore,Bangalore,Bangalore East,Rajya Sabha,Vedant Gala,State Housing Board,1431971.48,266415.19,1066061.6666939987,2026-07-05,2026-09-15,2026-09-19,2026-11-05,,Ongoing,2026-2027,No
MPLADS/UT/2024-2025/0385,Construction of Drinking Water in Varanasi,Repudiandae possimus officia adipisci necessitatibus similique nulla.,Drinking Water,Uttar Pradesh,Varanasi,Varanasi,Varanasi East,Rajya Sabha,Hitesh Mallick,Block Development Office,620433.67,377521.49,523241.4841893437,2024-02-28,2024-04-05,2024-04-08,2024-04-29,,Ongoing,2024-2025,No
MPLADS/TA/2026-2027/0386,Construction of Drinking Water in Coimbatore,Nemo quo labore aspernatur nisi illum fuga dicta. Molestias cupiditate doloribus delectus fuga.,Drinking Water,Tamil Nadu,Coimbatore,Coimbatore,Coimbatore East,Rajya Sabha,Krishna Srinivas,Gram Panchayat,1075196.89,843461.94,871733.9484061543,2026-04-05,2026-04-17,2026-04-19,2026-05-05,2027-02-18,Completed,2026-2027,Yes
MPLADS/UT/2025-2026/0387,Construction of Roads in Kanpur,Ex atque beatae nostrum officia nostrum. Harum modi assumenda maxime.,Roads,Uttar Pradesh,Kanpur,Kanpur,Kanpur East,Lok Sabha,Nikita Viswanathan,Block Development Office,1773404.78,1258571.62,1388057.6796863868,2025-12-08,2025-12-17,2025-12-22,2026-02-04,2026-10-19,Completed,2025-2026,Yes
MPLADS/UT/2024-2025/0388,Construction of Health Center in Lucknow,Dolore blanditiis expedita in. Eaque tenetur sequi magni quia praesentium.,Health Center,Uttar Pradesh,Lucknow,Lucknow,Lucknow East,Rajya Sabha,Shivani Bose,Block Development Office,3876170.84,2031886.38,2844799.8937669885,2024-01-25,2024-02-26,2024-03-01,2024-04-27,,Ongoing,2024-2025,No
MPLADS/TA/2025-2026/0389,Construction of Park in Chennai,Consequatur nisi eveniet perspiciatis quas amet reprehenderit ipsam.,Park,Tamil Nadu,Chennai,Chennai,Chennai East,Rajya Sabha,Janani Zacharia,State Housing Board,1180169.54,972152.12,1046446.0040514795,2025-05-21,2025-06-25,2025-06-30,2025-08-15,2026-02-22,Completed,2025-2026,Yes
MPLADS/MA/2024-2025/0390,Construction of Street Light in Indore,Vel accusantium harum consequatur fuga aperiam facere. Voluptate ea sunt soluta.,Street Light,Madhya Pradesh,Indore,Indore,Indore East,Rajya Sabha,Oscar Randhawa,Block Development Office,384619.27,261662.78,277631.21281784103,2024-07-14,2024-08-10,2024-08-12,2024-09-01,2025-07-15,Completed,2024-2025,Yes
MPLADS/MA/2025-2026/0391,Construction of School Building in Pune,Vero eveniet non labore. Enim molestiae quas. Perspiciatis vero adipisci voluptates.,School Building,Maharashtra,Pune,Pune,Pune East,Rajya Sabha,Dev Hora,Zila Parishad,1652377.99,865922.8,915511.4662024295,2025-10-11,2025-10-28,2025-10-31,2025-12-18,2026-04-18,Completed,2025-2026,Yes
MPLADS/MA/2024-2025/0392,Construction of Park in Indore,Eveniet explicabo ullam.,Park,Madhya Pradesh,Indore,Indore,Indore East,Lok Sabha,Gauri Gara,PWD,996767.67,663263.74,722942.9030036322,2024-01-16,2024-01-27,2024-01-30,2024-03-27,2024-05-29,Completed,2024-2025,No
MPLADS/KA/2024-2025/0393,Construction of Roads in Hubli,Doloremque dicta quaerat id provident. Veritatis magni ex impedit suscipit nesciunt enim quae.,Roads,Karnataka,Hubli,Hubli,Hubli East,Rajya Sabha,Jacob Buch,PWD,1373832.8078872755,1113368.17,1131549.2852804353,2024-07-26,2024-08-06,2024-08-08,2024-08-23,2025-06-30,Completed,2024-2025,Yes
MPLADS/UT/2025-2026/0394,Construction of Library in Lucknow,Optio veritatis voluptas maiores iste magnam quaerat. Harum harum nulla quibusdam aliquam error.,Library,Uttar Pradesh,Lucknow,Lucknow,Lucknow East,Rajya Sabha,Oeshi Srinivas,PWD,3082021.14,2392607.79,2381258.3230603184,2025-08-08,2025-08-16,2025-08-19,2025-09-28,,Ongoing,2025-2026,No
MPLADS/MA/2025-2026/0395,Construction of School Building in Indore,Quos fugit assumenda iusto totam eos error. Dolor incidunt sunt corporis qui itaque.,School Building,Madhya Pradesh,Indore,Indore,Indore East,Rajya Sabha,Anvi Khosla,State Housing Board,4769160.18,4131154.46,4165617.3347039726,2025-05-10,2025-06-01,2025-06-06,2025-07-15,2026-02-23,Completed,2025-2026,Yes
MPLADS/KA/2024-2025/0396,Construction of Temple near Health Center in Hubli,Maiores adipisci magnam id enim. Id nulla minima deleniti. A inventore eaque optio ea.,Health Center,Karnataka,Hubli,Hubli,Hubli East,Rajya Sabha,Tara Upadhyay,Block Development Office,1530824.35,205653.08,1385254.342498984,2023-12-24,2024-01-09,2024-01-12,2024-01-31,,Ongoing,2024-2025,No
MPLADS/TA/2026-2027/0397,Construction of Residential Complex near Library in Coimbatore,Dolor labore corporis qui magni deserunt. Dolorem qui voluptate. Assumenda explicabo quo.,Library,Tamil Nadu,Coimbatore,Coimbatore,Coimbatore East,Lok Sabha,Triveni Bobal,Block Development Office,2333008.700907561,312490.09,2055522.5911982127,2026-07-30,2026-11-09,2026-11-12,2026-12-30,,Ongoing,2026-2027,No
MPLADS/KA/2024-2025/0398,Construction of Park in Hubli,Eos totam excepturi cumque sed tempore. Sint at placeat qui adipisci.,Park,Karnataka,Hubli,Hubli,Hubli East,Lok Sabha,Ridhi Dhaliwal,Municipal Corporation,1341548.95,394291.47,942142.103025449,2024-10-17,2024-11-14,2024-11-18,2024-12-22,,Ongoing,2024-2025,No
MPLADS/MA/2025-2026/0399,Construction of Drinking Water in Jabalpur,Ab itaque nemo odit quisquam possimus quisquam adipisci. Eos dignissimos perspiciatis.,Drinking Water,Madhya Pradesh,Jabalpur,Jabalpur,Jabalpur East,Rajya Sabha,Kashish Varghese,State Housing Board,942730.08,501336.58,556716.7424583043,2025-07-06,2025-07-29,2025-08-02,2025-08-24,2026-11-01,Completed,2025-2026,Yes
MPLADS/MA/2025-2026/0400,Construction of Health Center in Indore,Assumenda sit nam quis tempore. Nobis corrupti nemo. Architecto ea amet rerum minima.,Health Center,Madhya Pradesh,Indore,Indore,Indore East,Lok Sabha,Nitesh Bala,Municipal Corporation,3237816.31,893977.72,2415285.9201327036,2025-10-10,2025-10-20,2025-10-21,2025-11-11,,Delayed,2025-2026,No
MPLADS/KA/2024-2025/0401,Construction of Roads in Hubli,Consequuntur hic et modi possimus. Quam error qui reiciendis quis cupiditate ipsam.,Roads,Karnataka,Hubli,Hubli,Hubli East,Rajya Sabha,Sarthak Vig,Municipal Corporation,224457.87,59794.78,148236.0931594447,2024-02-16,2024-02-23,2024-02-26,2024-04-02,,Ongoing,2024-2025,No
MPLADS/KA/2023-2024/0402,Construction of Roads in Hubli,Maiores culpa corrupti accusantium dolorem natus amet. Minus tempore laboriosam vitae.,Roads,Karnataka,Hubli,Hubli,Hubli East,Rajya Sabha,Utkarsh Kala,Municipal Corporation,1020499.98,315839.39,786469.0393477767,2023-12-16,2023-12-23,2023-12-27,2024-01-10,,Ongoing,2023-2024,No
MPLADS/KA/2024-2025/0403,Construction of Community Hall in Bangalore,Ullam totam aut. Repudiandae consectetur non dignissimos vitae blanditiis.,Community Hall,Karnataka,Bangalore,Bangalore,Bangalore East,Lok Sabha,Peter Jaggi,State Housing Board,2506292.44,2204132.71,2345016.7020053323,2024-03-05,2024-03-18,2024-03-22,2024-04-16,2024-07-08,Completed,2024-2025,Yes
MPLADS/UT/2026-2027/0404,Construction of Park in Kanpur,Esse distinctio dolorem ipsum modi hic. Accusamus quidem doloremque.,Park,Uttar Pradesh,Kanpur,Kanpur,Kanpur East,Rajya Sabha,Praneel Shanker,Zila Parishad,818792.24,175683.53,737988.7202259208,2026-05-08,2026-06-15,2026-06-16,2026-08-12,,Delayed,2026-2027,No
MPLADS/KA/2025-2026/0405,Construction of Drinking Water in Hubli,Ut magnam ad. Totam ab eos aspernatur ad labore doloribus.,Drinking Water,Karnataka,Hubli,Hubli,Hubli East,Rajya Sabha,Ayush Ranganathan,PWD,774967.26,706220.36,709775.7881056694,2025-11-05,2025-12-11,2025-12-12,2026-01-06,2027-06-06,Completed,2025-2026,Yes
MPLADS/MA/2025-2026/0406,Construction of Street Light in Pune,Pariatur veritatis libero fugit deleniti praesentium. Facilis placeat ullam quam nobis.,Street Light,Maharashtra,Pune,Pune,Pune East,Rajya Sabha,Pranav More,Municipal Corporation,624569.99,180846.87,573488.667697641,2025-10-09,2025-10-28,2025-10-30,2025-11-19,,Ongoing,2025-2026,No
MPLADS/MA/2026-2027/0407,Construction of Drainage in Pune,Earum hic quis aut voluptates. Rem nam iste similique. Fugiat et magnam culpa odit ipsum.,Drainage,Maharashtra,Pune,Pune,Pune East,Rajya Sabha,Priya Baria,State Housing Board,559427.74,58384.59,476531.82272429636,2026-08-22,2026-09-16,2026-09-18,2026-10-29,,Ongoing,2026-2027,No
MPLADS/KA/2023-2024/0408,Construction of Health Center in Hubli,Fugit quo facere. Quasi architecto unde repellat pariatur.,Health Center,Karnataka,Hubli,Hubli,Hubli East,Lok Sabha,Aayush Swamy,State Housing Board,5696678.261562194,3564743.07,3815364.591866283,2023-10-14,2023-10-27,2023-10-28,2023-12-08,2024-06-27,Completed,2023-2024,Yes
MPLADS/MA/2026-2027/0409,Construction of Drainage in Indore,Nemo sapiente quidem dicta velit sint unde. Rerum exercitationem odio quia ex in.,Drainage,Madhya Pradesh,Indore,Indore,Indore East,Rajya Sabha,Ekiya Pal,Zila Parishad,1272177.38,616085.19,768923.1434753713,2026-06-05,2026-07-07,2026-07-12,2026-08-01,,Ongoing,2026-2027,No
MPLADS/TA/2024-2025/0410,Construction of Drainage in Madurai,Voluptatum occaecati non perspiciatis ducimus id quaerat. Cum vero ullam tempore aperiam quae.,Drainage,Tamil Nadu,Madurai,Madurai,Madurai East,Lok Sabha,Netra Bhatt,State Housing Board,1508663.3,892144.77,924003.58927544,2024-01-02,2024-01-26,2024-01-28,2024-02-08,2024-08-08,Completed,2024-2025,Yes
MPLADS/MA/2024-2025/0411,Construction of Health Center in Indore,Maiores optio ad eos. Quas error dolorem excepturi. Magni aliquam eos.,Health Center,Madhya Pradesh,Indore,Indore,Indore East,Lok Sabha,Aarush Rau,Block Development Office,2711614.88,1335787.51,2095415.937072042,2024-01-08,2024-02-06,2024-02-11,2024-03-10,,Ongoing,2024-2025,No
MPLADS/MA/2024-2025/0412,Construction of Community Hall in Thane,Aspernatur quia veniam quisquam maxime dolorem. Quisquam nemo incidunt dignissimos.,Community Hall,Maharashtra,Thane,Thane,Thane East,Rajya Sabha,Girik Hans,Municipal Corporation,4494382.089020639,1528931.31,3689484.263661182,2024-02-19,2024-04-18,2024-04-22,2024-05-14,,Ongoing,2024-2025,No
MPLADS/KA/2024-2025/0413,Construction of Drinking Water in Hubli,Odio voluptas ullam fugiat nulla possimus aliquam aperiam. Dolores error illo suscipit ratione.,Drinking Water,Karnataka,Hubli,Hubli,Hubli East,Rajya Sabha,Daksha Seth,State Housing Board,659480.9864635188,150495.75,490415.5363262401,2024-08-25,2024-11-05,2024-11-09,2024-11-24,,Ongoing,2024-2025,No
MPLADS/MA/2024-2025/0414,Construction of Park in Jabalpur,Nisi illum modi porro quidem rem. Hic commodi autem. Placeat nesciunt provident ab.,Park,Madhya Pradesh,Jabalpur,Jabalpur,Jabalpur East,Rajya Sabha,Jeremiah Apte,State Housing Board,1311070.73,182313.25,1093247.9920342003,2024-06-17,2024-06-25,2024-06-28,2024-08-10,,Ongoing,2024-2025,No
MPLADS/MA/2024-2025/0415,Construction of Library in Pune,Sapiente quisquam rerum eaque quasi nam at. Culpa officiis at nihil.,Library,Maharashtra,Pune,Pune,Pune East,Lok Sabha,Anay Kala,State Housing Board,2032619.81,282643.06,1715300.1967060475,2024-06-25,2024-07-10,2024-07-12,2024-08-03,,Ongoing,2024-2025,No
MPLADS/MA/2024-2025/0416,Construction of Library in Jabalpur,Recusandae nemo possimus aspernatur fugiat. At temporibus itaque blanditiis ipsum.,Library,Madhya Pradesh,Jabalpur,Jabalpur,Jabalpur East,Lok Sabha,Laksh Sane,PWD,1276059.42,585256.79,922477.2310987512,2023-12-20,2024-01-20,2024-01-23,2024-03-16,,Ongoing,2024-2025,No
MPLADS/UT/2026-2027/0417,Construction of Library in Lucknow,Soluta debitis libero dolorum.,Library,Uttar Pradesh,Lucknow,Lucknow,Lucknow East,Rajya Sabha,Kai Virk,Zila Parishad,2885806.38,496879.29,2602784.4180186377,2026-08-25,2026-09-20,2026-09-25,2026-11-02,,Delayed,2026-2027,No
MPLADS/TA/2024-2025/0418,Construction of Park in Coimbatore,Expedita eveniet nulla molestias. Id sapiente laboriosam deleniti consectetur.,Park,Tamil Nadu,Coimbatore,Coimbatore,Coimbatore East,Rajya Sabha,Harrison Kalla,Zila Parishad,846269.85,289473.1,778240.5128544942,2024-08-06,2024-08-30,2024-09-04,2024-09-27,,Ongoing,2024-2025,No
MPLADS/TA/2026-2027/0419,Construction of Street Light in Coimbatore,Impedit incidunt facere commodi. Architecto ut exercitationem autem sequi.,Street Light,Tamil Nadu,Coimbatore,Coimbatore,Coimbatore East,Rajya Sabha,Anika Dada,PWD,735859.44,505384.63,696620.3862083863,2026-08-26,2026-11-15,2026-11-20,2026-12-01,,Ongoing,2026-2027,No
MPLADS/MA/2024-2025/0420,Construction of Health Center in Nagpur,Voluptatibus sit unde quia laudantium sed.,Health Center,Maharashtra,Nagpur,Nagpur,Nagpur East,Lok Sabha,Yashica Warrior,Zila Parishad,2067518.48,1402008.24,1606454.130934666,2024-02-28,2024-03-06,2024-03-09,2024-04-23,,Ongoing,2024-2025,No
MPLADS/MA/2024-2025/0421,Construction of Street Light in Pune,Deserunt ducimus accusantium reiciendis. Fugit esse enim magnam.,Street Light,Maharashtra,Pune,Pune,Pune East,Lok Sabha,Tanmayi Bose,Municipal Corporation,912149.58,993966.56,1006601.1008366426,2024-04-16,2024-04-29,2024-05-04,2024-05-29,,Ongoing,2024-2025,No
MPLADS/MA/2024-2025/0422,Construction of Health Center in Indore,Sint provident dicta magnam. Id eos in libero. Error quos aliquid nam.,Health Center,Madhya Pradesh,Indore,Indore,Indore East,Lok Sabha,Anay Patla,State Housing Board,3755340.84,2195073.11,2408344.920942013,2024-05-17,2024-06-04,2024-06-06,2024-07-17,2025-03-09,Completed,2024-2025,Yes
MPLADS/TA/2026-2027/0423,Construction of Park in Chennai,Harum quo inventore cumque porro laboriosam dignissimos. Quas harum consequatur minus neque.,Park,Tamil Nadu,Chennai,Chennai,Chennai East,Lok Sabha,Barkha Toor,PWD,700414.34,102348.67,509918.19285927404,2026-05-26,2026-07-01,2026-07-04,2026-08-10,,Ongoing,2026-2027,No
MPLADS/MA/2026-2027/0424,Construction of Park in Bhopal,Corporis possimus error dolores modi quo. Ut excepturi laudantium repellat ipsum.,Park,Madhya Pradesh,Bhopal,Bhopal,Bhopal East,Lok Sabha,Watika Gola,Gram Panchayat,1188628.38,533987.39,957172.1467417451,2026-04-17,2026-04-23,2026-04-28,2026-05-17,,Ongoing,2026-2027,No
MPLADS/MA/2025-2026/0425,Construction of Park in Thane,Dolor accusantium culpa reiciendis possimus asperiores. Ratione cum optio aut officiis adipisci.,Park,Maharashtra,Thane,Thane,Thane East,Lok Sabha,Ranbir Mukherjee,Gram Panchayat,1058150.38,503724.61,684205.4013029138,2025-09-30,2025-10-26,2025-10-28,2025-12-04,,Ongoing,2025-2026,No
MPLADS/TA/2025-2026/0426,Construction of Street Light in Chennai,Quidem omnis repellat eum. Repellat quia ipsam repellat explicabo quos ex.,Street Light,Tamil Nadu,Chennai,Chennai,Chennai East,Lok Sabha,Ekiya Seth,PWD,773726.31,492849.37,598194.9161468465,2025-01-10,2025-02-05,2025-02-06,2025-03-13,,Ongoing,2025-2026,No
MPLADS/UT/2025-2026/0427,Construction of Library in Kanpur,Magnam accusamus quasi hic magni. Quam dolorum id est laudantium. Commodi inventore dolores minima.,Library,Uttar Pradesh,Kanpur,Kanpur,Kanpur East,Lok Sabha,Harshil Walia,Block Development Office,1124553.58,582842.57,1655481.6461768162,2025-01-06,2025-01-31,2025-02-05,2025-03-26,,Delayed,2025-2026,No
MPLADS/MA/2025-2026/0428,Construction of Park in Nagpur,Aut tempore dolore occaecati natus. Quaerat ipsa porro ut voluptatibus cumque voluptas.,Park,Maharashtra,Nagpur,Nagpur,Nagpur East,Rajya Sabha,Darpan Vala,Gram Panchayat,1074420.58,346403.88,888349.0854671274,2025-03-21,2025-03-29,2025-04-02,2025-05-09,,Ongoing,2025-2026,No
MPLADS/MA/2025-2026/0429,Construction of Roads in Jabalpur,Cumque repudiandae magnam culpa. Fugiat maiores quam atque cumque modi.,Roads,Madhya Pradesh,Jabalpur,Jabalpur,Jabalpur East,Lok Sabha,Gavin Deo,Municipal Corporation,2346739.59,1483347.73,1948446.4013960133,2025-09-03,2025-09-20,2025-09-24,2025-11-12,,Ongoing,2025-2026,No
MPLADS/UT/2024-2025/0430,Construction of Drainage in Varanasi,Ab ea voluptatum quam earum voluptate atque. At maiores laborum veritatis.,Drainage,Uttar Pradesh,Varanasi,Varanasi,Varanasi East,Rajya Sabha,Theodore Walla,State Housing Board,200000.0,100696.0,171910.5358353846,2024-05-05,2024-09-25,2024-09-26,2024-10-21,,Delayed,2024-2025,No
MPLADS/MA/2026-2027/0431,Construction of Community Hall in Nagpur,Repellendus odit perspiciatis dolores modi minus. Ducimus dolorem ratione dolorum neque.,Community Hall,Maharashtra,Nagpur,Nagpur,Nagpur East,Rajya Sabha,Irya Palla,Block Development Office,1080089.78,382786.15,577199.6498479176,2026-02-05,2026-02-10,2026-02-15,2026-03-10,,Ongoing,2026-2027,No
MPLADS/MA/2024-2025/0432,Construction of School Building in Indore,Reiciendis in nisi accusantium. Rerum in nesciunt distinctio harum.,School Building,Madhya Pradesh,Indore,Indore,Indore East,Lok Sabha,Hritik Tandon,State Housing Board,200000.0,108989.47,123425.10582228776,2024-07-01,2024-07-06,2024-07-11,2024-07-23,,Ongoing,2024-2025,No
MPLADS/MA/2024-2025/0433,Construction of Roads in Indore,Vero magni officia voluptatum eum blanditiis.,Roads,Madhya Pradesh,Indore,Indore,Indore East,Rajya Sabha,Sudiksha Dhawan,PWD,1284474.53,1122106.16,1151722.2358630388,2024-09-11,2024-09-20,2024-09-23,2024-11-14,2025-06-18,Completed,2024-2025,Yes
MPLADS/KA/2026-2027/0434,Construction of Park in Bangalore,Necessitatibus eius magni. Quas reiciendis eos ipsum reiciendis inventore.,Park,Karnataka,Bangalore,Bangalore,Bangalore East,Rajya Sabha,Abhiram Sidhu,State Housing Board,1087016.9,380547.19,555214.7074841026,2026-03-09,2026-03-18,2026-03-22,2026-05-09,,Ongoing,2026-2027,No
MPLADS/MA/2026-2027/0435,Construction of Roads in Jabalpur,Ab sint nesciunt. Ex fugiat enim iusto et repellendus reprehenderit.,Roads,Madhya Pradesh,Jabalpur,Jabalpur,Jabalpur East,Rajya Sabha,Anay Andra,Zila Parishad,10492516.672651961,4690115.72,8536899.533554817,2026-05-13,2026-05-31,2026-06-02,2026-06-13,,Ongoing,2026-2027,No
MPLADS/UT/2026-2027/0436,Construction of Drinking Water in Varanasi,Unde porro deserunt quidem incidunt iste. Assumenda vitae iure ducimus ex natus autem.,Drinking Water,Uttar Pradesh,Varanasi,Varanasi,Varanasi East,Rajya Sabha,Bishakha Ganguly,State Housing Board,1037047.39,475910.08,539634.8315864267,2026-01-23,2026-02-09,2026-02-10,2026-03-27,,Delayed,2026-2027,No
MPLADS/KA/2024-2025/0437,Construction of School Building in Hubli,Necessitatibus harum quaerat culpa voluptatum voluptatibus.,School Building,Karnataka,Hubli,Hubli,Hubli East,Rajya Sabha,Chakrika Dugal,Block Development Office,5442923.32,4391170.99,4577210.195595244,2024-06-05,2024-06-26,2024-07-01,2024-08-20,2025-01-23,Completed,2024-2025,Yes
MPLADS/TA/2023-2024/0438,Construction of Library in Coimbatore,"Ipsam vitae esse minima. Tempora laborum dolore.
Magnam porro amet.",Library,Tamil Nadu,Coimbatore,Coimbatore,Coimbatore East,Lok Sabha,Yatan Dhaliwal,State Housing Board,833928.98,466548.75,587158.7371340739,2023-11-17,2023-11-29,2023-12-01,2023-12-19,,Ongoing,2023-2024,No
MPLADS/KA/2024-2025/0439,Construction of School Building in Bangalore,Dolores aspernatur inventore maiores. Expedita repellat nulla.,School Building,Karnataka,Bangalore,Bangalore,Bangalore East,Lok Sabha,Logan Shah,Gram Panchayat,444926.34,100481.87,287093.1847459918,2024-11-10,2024-12-06,2024-12-07,2024-12-28,,Ongoing,2024-2025,No
MPLADS/TA/2025-2026/0440,Construction of Park in Coimbatore,Harum asperiores repellendus corporis ex ducimus est. Illo repellat deserunt in eveniet fugit.,Park,Tamil Nadu,Coimbatore,Coimbatore,Coimbatore East,Rajya Sabha,Radhika Raj,State Housing Board,777780.92,460586.24,498919.4916840463,2025-05-08,2025-06-13,2025-06-16,2025-07-05,2026-08-03,Completed,2025-2026,Yes
MPLADS/MA/2025-2026/0441,Construction of Health Center in Bhopal,Doloremque nulla corporis repellendus. Amet est soluta sed itaque consequuntur.,Health Center,Madhya Pradesh,Bhopal,Bhopal,Bhopal East,Rajya Sabha,Yauvani Oommen,PWD,2384065.45,251103.61,1413940.1076568994,2025-02-18,2025-07-13,2025-07-17,2025-08-04,,Ongoing,2025-2026,No
MPLADS/UT/2025-2026/0442,Construction of Street Light in Kanpur,Fuga voluptas ratione velit dolores odio illo.,Street Light,Uttar Pradesh,Kanpur,Kanpur,Kanpur East,Rajya Sabha,Jackson Mistry,Municipal Corporation,493461.05,159122.67,290061.191477757,2025-03-22,2025-04-03,2025-04-07,2025-06-04,,Delayed,2025-2026,No
MPLADS/UT/2025-2026/0443,Construction of Health Center in Varanasi,Nemo vitae quos possimus ab magnam. Exercitationem quod eveniet assumenda.,Health Center,Uttar Pradesh,Varanasi,Varanasi,Varanasi East,Rajya Sabha,Samaksh Dua,PWD,200000.0,24759.88,139996.4556842981,2025-12-07,2025-12-18,2025-12-22,2026-02-09,,Ongoing,2025-2026,No
MPLADS/UT/2025-2026/0444,Construction of Park in Kanpur,Ipsam quaerat voluptas repellendus numquam veniam quisquam in. Officia est eveniet iusto.,Park,Uttar Pradesh,Kanpur,Kanpur,Kanpur East,Lok Sabha,Vansha Parikh,Gram Panchayat,764351.98,527073.52,538148.7578587895,2025-03-29,2025-04-28,2025-05-01,2025-06-05,2026-02-15,Completed,2025-2026,Yes
MPLADS/KA/2024-2025/0445,Construction of Roads in Mysore,Error quibusdam ipsam alias hic. Itaque cumque dolor at.,Roads,Karnataka,Mysore,Mysore,Mysore East,Lok Sabha,Darpan De,Municipal Corporation,456424.4,242545.97,364002.42633081094,2024-06-09,2024-07-04,2024-07-05,2024-08-19,,Ongoing,2024-2025,No
MPLADS/UT/2025-2026/0446,Construction of Street Light in Kanpur,Minima sunt numquam ea veritatis. Necessitatibus ab deleniti ab provident ipsa.,Street Light,Uttar Pradesh,Kanpur,Kanpur,Kanpur East,Lok Sabha,Anmol Chaudry,Zila Parishad,633934.51,116408.91,392645.54603644734,2025-08-06,2025-09-05,2025-09-09,2025-09-29,,Ongoing,2025-2026,No
MPLADS/MA/2025-2026/0447,Construction of Street Light in Bhopal,Quo veritatis dolores corporis quibusdam libero. Debitis animi reprehenderit. Deleniti atque ea.,Street Light,Madhya Pradesh,Bhopal,Bhopal,Bhopal East,Rajya Sabha,Imaran Pandey,Block Development Office,573319.65,429106.26,444350.0957816152,2025-02-17,2025-02-28,2025-03-01,2025-03-22,2026-02-04,Completed,2025-2026,Yes
MPLADS/KA/2025-2026/0448,Construction of School Building in Bangalore,Ab ea quod quas. Autem reiciendis nihil aspernatur.,School Building,Karnataka,Bangalore,Bangalore,Bangalore East,Lok Sabha,Qarin Kota,State Housing Board,1590180.32,456335.25,1421251.6209171265,2025-09-18,2025-10-22,2025-10-26,2025-11-10,,Ongoing,2025-2026,No
MPLADS/MA/2026-2027/0449,Construction of Community Hall in Pune,Nam vel fugit illo necessitatibus vitae quos molestiae. Officiis veritatis vel tempora.,Community Hall,Maharashtra,Pune,Pune,Pune East,Rajya Sabha,Yashvi D’Alia,State Housing Board,1883359.7,1609482.68,1763225.767702753,2026-04-19,2026-09-02,2026-09-06,2026-11-01,2027-04-24,Completed,2026-2027,No
MPLADS/UT/2024-2025/0450,Construction of School Building in Kanpur,Asperiores rem praesentium itaque amet.,School Building,Uttar Pradesh,Kanpur,Kanpur,Kanpur East,Rajya Sabha,Vaishnavi Parsa,Municipal Corporation,1411179.72,218534.52,1254262.394898006,2024-08-22,2024-09-05,2024-09-06,2024-10-12,,Ongoing,2024-2025,No
MPLADS/TA/2024-2025/0451,Construction of School Building in Madurai,Impedit nulla laborum. Aperiam error fuga magnam praesentium.,School Building,Tamil Nadu,Madurai,Madurai,Madurai East,Rajya Sabha,Imaran Bhattacharyya,Municipal Corporation,2905981.35,1044192.24,1868337.5364307666,2024-07-28,2024-09-01,2024-09-06,2024-11-03,,Ongoing,2024-2025,No
MPLADS/MA/2026-2027/0452,Construction of Street Light in Bhopal,Quibusdam est similique labore minima delectus. Quaerat tenetur aliquam.,Street Light,Madhya Pradesh,Bhopal,Bhopal,Bhopal East,Lok Sabha,Manan Chahal,Gram Panchayat,691028.46,128129.81,472950.3777793321,2026-08-11,2026-09-07,2026-09-11,2026-10-19,,Ongoing,2026-2027,No
MPLADS/MA/2026-2027/0453,Construction of Library in Indore,Cum quas tempore excepturi iure qui. Aliquid pariatur a qui culpa.,Library,Madhya Pradesh,Indore,Indore,Indore East,Lok Sabha,Akshay Sur,Municipal Corporation,1109991.77,325523.71,955798.145735913,2026-03-21,2026-03-31,2026-04-01,2026-05-22,,Ongoing,2026-2027,No
MPLADS/MA/2026-2027/0454,Construction of Drinking Water in Jabalpur,Perspiciatis similique delectus et.,Drinking Water,Madhya Pradesh,Jabalpur,Jabalpur,Jabalpur East,Lok Sabha,Divya Goswami,PWD,1252023.26,773032.73,789506.2958980142,2026-03-14,2026-03-23,2026-03-25,2026-04-14,2026-12-06,Completed,2026-2027,Yes
MPLADS/MA/2025-2026/0455,Construction of Roads in Indore,Minus ad beatae pariatur distinctio.,Roads,Madhya Pradesh,Indore,Indore,Indore East,Lok Sabha,Karan Chaudhuri,Zila Parishad,1075793.91,669071.79,683839.0448604557,2025-10-30,2025-11-15,2025-11-19,2025-12-03,2026-09-30,Completed,2025-2026,Yes
MPLADS/TA/2025-2026/0456,Construction of Library in Coimbatore,"Non explicabo possimus. Adipisci voluptatibus quaerat id.
Ratione doloremque temporibus blanditiis.",Library,Tamil Nadu,Coimbatore,Coimbatore,Coimbatore East,Lok Sabha,Nicholas Nagarajan,Municipal Corporation,1244989.02,104535.19,1080940.7373066111,2025-10-01,2025-11-01,2025-11-02,2025-11-18,,Ongoing,2025-2026,No
MPLADS/KA/2026-2027/0457,Construction of Drinking Water in Hubli,Accusantium culpa temporibus. Quos ratione repudiandae cum minus.,Drinking Water,Karnataka,Hubli,Hubli,Hubli East,Rajya Sabha,Qasim Biswas,Zila Parishad,946484.82,153078.74,864650.3739165937,2026-05-18,2026-05-31,2026-06-05,2026-07-07,,Delayed,2026-2027,No
MPLADS/MA/2024-2025/0458,Construction of Street Light in Jabalpur,Sapiente qui quas minima molestias ad at.,Street Light,Madhya Pradesh,Jabalpur,Jabalpur,Jabalpur East,Lok Sabha,Hritik Varkey,Municipal Corporation,292951.54,173957.15,222435.33058081658,2024-06-05,2024-07-10,2024-07-13,2024-08-04,,Ongoing,2024-2025,No
MPLADS/UT/2026-2027/0459,Construction of Park in Varanasi,Quia optio numquam quia. Ea blanditiis similique consequuntur accusamus.,Park,Uttar Pradesh,Varanasi,Varanasi,Varanasi East,Rajya Sabha,Nathaniel Nigam,Zila Parishad,578540.28,449836.72,478684.72177988547,2026-01-13,2026-02-01,2026-02-03,2026-02-13,2026-11-06,Completed,2026-2027,Yes
MPLADS/MA/2026-2027/0460,Construction of Roads in Indore,Eveniet et blanditiis error dolor maxime. Quibusdam veniam commodi animi animi illum vero placeat.,Roads,Madhya Pradesh,Indore,Indore,Indore East,Lok Sabha,Baljiwan Patil,Zila Parishad,541697.69,159682.9,387077.04122218606,2026-05-28,2026-06-12,2026-06-17,2026-08-05,,Delayed,2026-2027,No
MPLADS/TA/2024-2025/0461,Construction of Street Light in Coimbatore,Praesentium ab explicabo sequi. Iste illo voluptate itaque.,Street Light,Tamil Nadu,Coimbatore,Coimbatore,Coimbatore East,Rajya Sabha,Lohit Sankar,PWD,892945.03,288529.6,480181.14518525254,2024-06-22,2024-07-20,2024-07-22,2024-09-10,,Ongoing,2024-2025,No
MPLADS/KA/2026-2027/0462,Construction of Roads in Mysore,Expedita adipisci voluptatum suscipit veniam deleniti atque.,Roads,Karnataka,Mysore,Mysore,Mysore East,Rajya Sabha,Azaan Minhas,Zila Parishad,1528210.84,682376.77,1152867.8345917664,2026-01-30,2026-02-24,2026-02-27,2026-04-13,,Ongoing,2026-2027,No
MPLADS/TA/2025-2026/0463,Construction of School Building in Chennai,Velit molestias consectetur et nulla ab. Dolorum id culpa hic.,School Building,Tamil Nadu,Chennai,Chennai,Chennai East,Lok Sabha,Simon Minhas,PWD,1950411.74,788348.8,1597369.032057629,2025-04-22,2025-05-07,2025-05-12,2025-06-01,,Ongoing,2025-2026,No
MPLADS/TA/2025-2026/0464,Construction of Drainage in Madurai,Cumque adipisci reiciendis. Voluptas odit eius et quia.,Drainage,Tamil Nadu,Madurai,Madurai,Madurai East,Lok Sabha,Wyatt Bajaj,Zila Parishad,1328387.95,1019250.82,1111418.2854672198,2025-09-28,2025-12-14,2025-12-17,2026-01-24,2026-06-12,Completed,2025-2026,Yes
MPLADS/MA/2025-2026/0465,Construction of Community Hall in Pune,Sed quidem velit animi necessitatibus tempora at. Id ipsa voluptatibus vitae commodi.,Community Hall,Maharashtra,Pune,Pune,Pune East,Rajya Sabha,Arunima Tiwari,PWD,2365206.34,778307.92,1331467.8972560219,2025-02-04,2025-03-06,2025-03-11,2025-03-30,,Ongoing,2025-2026,No
MPLADS/TA/2026-2027/0466,Construction of Community Hall in Chennai,Quasi eveniet id sequi aut. Adipisci esse autem.,Community Hall,Tamil Nadu,Chennai,Chennai,Chennai East,Lok Sabha,Dalaja Kar,Gram Panchayat,2234836.48,1287678.76,1643639.6723030012,2026-07-27,2026-08-25,2026-08-27,2026-10-22,,Ongoing,2026-2027,No
MPLADS/MA/2024-2025/0467,Construction of Roads in Nagpur,Non hic tempore perferendis quibusdam laudantium. Repellendus debitis sint magnam.,Roads,Maharashtra,Nagpur,Nagpur,Nagpur East,Rajya Sabha,Faras Prakash,Gram Panchayat,1991333.36,1027819.26,1826422.7150741566,2024-06-19,2024-10-05,2024-10-06,2024-10-22,,Ongoing,2024-2025,No
MPLADS/MA/2026-2027/0468,Construction of Drinking Water in Thane,Quis impedit vero suscipit consectetur. Quia adipisci deleniti.,Drinking Water,Maharashtra,Thane,Thane,Thane East,Lok Sabha,Eesha Ramaswamy,Municipal Corporation,1378753.86,752728.74,981289.5186682268,2025-12-26,2026-01-12,2026-01-15,2026-02-11,,Ongoing,2026-2027,No
MPLADS/TA/2024-2025/0469,Construction of School Building in Chennai,Asperiores nihil tempore harum ea. Deleniti nobis temporibus modi. Debitis quisquam repellat nam.,School Building,Tamil Nadu,Chennai,Chennai,Chennai East,Rajya Sabha,Ekalinga Karnik,PWD,2204248.28,889798.07,1567027.3163978057,2024-06-27,2024-08-01,2024-08-06,2024-08-22,,Ongoing,2024-2025,No
MPLADS/TA/2025-2026/0470,Construction of Drinking Water in Chennai,Voluptatibus animi soluta vitae nesciunt harum.,Drinking Water,Tamil Nadu,Chennai,Chennai,Chennai East,Rajya Sabha,Amrita Varma,Municipal Corporation,712090.88,440425.57,447110.7615910513,2025-06-08,2025-06-17,2025-06-20,2025-08-03,,Ongoing,2025-2026,No
MPLADS/MA/2026-2027/0471,Construction of Park in Pune,Eaque a corporis veniam iure. Magni natus consectetur fuga ullam.,Park,Maharashtra,Pune,Pune,Pune East,Rajya Sabha,Ikbal Pandya,Block Development Office,689979.32,488466.72,512970.4016958056,2026-01-20,2026-02-06,2026-02-11,2026-03-30,2026-11-14,Completed,2026-2027,Yes
MPLADS/UT/2026-2027/0472,Construction of Library in Varanasi,Repudiandae eius laborum ea. Reiciendis id voluptate non. Placeat at nulla repudiandae cumque.,Library,Uttar Pradesh,Varanasi,Varanasi,Varanasi East,Rajya Sabha,Vedika Johal,Block Development Office,200000.0,47395.73,151809.01407806636,2026-08-22,2026-09-15,2026-09-19,2026-10-05,,Ongoing,2026-2027,No
MPLADS/KA/2025-2026/0473,Construction of Health Center in Bangalore,Architecto pariatur atque labore quas temporibus. Quos sint neque esse.,Health Center,Karnataka,Bangalore,Bangalore,Bangalore East,Rajya Sabha,Ekanta Mitra,Gram Panchayat,484808.94,261540.06,262331.19419437513,2025-09-21,2025-10-05,2025-10-09,2025-10-30,2026-07-06,Completed,2025-2026,Yes
MPLADS/MA/2024-2025/0474,Construction of Street Light in Pune,Impedit iste deserunt. Nesciunt distinctio dolorum tempora quae aspernatur expedita esse.,Street Light,Maharashtra,Pune,Pune,Pune East,Lok Sabha,Yashica De,Block Development Office,773374.85,380148.03,539707.4187987609,2024-06-14,2024-07-05,2024-07-08,2024-09-05,,Ongoing,2024-2025,No
MPLADS/KA/2025-2026/0475,Construction of Community Hall in Hubli,Ipsam odit quasi rerum provident incidunt consequatur.,Community Hall,Karnataka,Hubli,Hubli,Hubli East,Lok Sabha,Jagrati Sandhu,State Housing Board,4473961.26,2868772.12,4160390.511371716,2025-08-06,2025-08-13,2025-08-18,2025-09-26,,Ongoing,2025-2026,No
MPLADS/MA/2024-2025/0476,Construction of Street Light in Bhopal,Fuga optio excepturi delectus. Tempore officia officia voluptas saepe deserunt voluptatem.,Street Light,Madhya Pradesh,Bhopal,Bhopal,Bhopal East,Lok Sabha,Gaurang Parekh,Zila Parishad,450192.79,395969.58,398383.49666706513,2024-02-22,2024-03-04,2024-03-09,2024-04-15,2024-10-06,Completed,2024-2025,Yes
MPLADS/MA/2024-2025/0477,Construction of Street Light in Thane,Veritatis ut dolor facilis neque inventore. Vel alias exercitationem cum aspernatur.,Street Light,Maharashtra,Thane,Thane,Thane East,Lok Sabha,Netra Singhal,Gram Panchayat,615311.39,376310.63,566047.4681971857,2024-12-03,2024-12-26,2024-12-27,2025-02-03,,Ongoing,2024-2025,No
MPLADS/MA/2025-2026/0478,Construction of Park in Bhopal,Eum expedita ullam cumque fuga quidem. Quasi qui rem eligendi. Dolores numquam repellendus sit.,Park,Madhya Pradesh,Bhopal,Bhopal,Bhopal East,Lok Sabha,Azad Krish,State Housing Board,924500.06,220004.76,575836.4403789872,2024-12-12,2025-02-25,2025-02-27,2025-04-15,,Delayed,2025-2026,No
MPLADS/UT/2024-2025/0479,Construction of School Building in Varanasi,Repellendus repellat cumque tempora maiores ducimus eos. Tenetur consequuntur sapiente ipsa.,School Building,Uttar Pradesh,Varanasi,Varanasi,Varanasi East,Rajya Sabha,Indrajit Tata,Zila Parishad,7618321.21,3130878.05,6768370.9749212675,2024-06-26,2024-07-14,2024-07-18,2024-08-09,,Ongoing,2024-2025,No
MPLADS/MA/2024-2025/0480,Construction of Drinking Water in Jabalpur,Praesentium laudantium qui commodi. Alias voluptatibus expedita explicabo illo dolore eos.,Drinking Water,Madhya Pradesh,Jabalpur,Jabalpur,Jabalpur East,Rajya Sabha,Sai Ramakrishnan,Block Development Office,1559787.46,917729.25,1275185.2231724495,2024-02-02,2024-03-02,2024-03-05,2024-03-20,,Ongoing,2024-2025,No
MPLADS/UT/2025-2026/0481,Construction of Roads in Kanpur,Delectus voluptatum quidem neque porro placeat quas. Soluta aliquam vero sit veniam necessitatibus.,Roads,Uttar Pradesh,Kanpur,Kanpur,Kanpur East,Lok Sabha,Vasana Cheema,Gram Panchayat,1397665.93,722610.09,2005523.9967925895,2025-06-17,2025-10-30,2025-11-04,2025-12-06,,Ongoing,2025-2026,No
MPLADS/UT/2025-2026/0482,Construction of Park in Kanpur,Aspernatur minus quas atque eveniet reiciendis.,Park,Uttar Pradesh,Kanpur,Kanpur,Kanpur East,Lok Sabha,Yuvraj Comar,State Housing Board,417783.82,95692.2,305965.3184465833,2025-11-11,2025-11-29,2025-12-03,2026-01-16,,Ongoing,2025-2026,No
MPLADS/UT/2024-2025/0483,Construction of Commercial Shop near Park in Varanasi,Asperiores quo dolorum. Assumenda provident iure.,Park,Uttar Pradesh,Varanasi,Varanasi,Varanasi East,Lok Sabha,Ekaja Subramaniam,Zila Parishad,200000.0,34917.36,161984.50353363098,2024-09-13,2024-10-16,2024-10-19,2024-12-10,,Ongoing,2024-2025,No
MPLADS/UT/2026-2027/0484,Construction of Street Light in Varanasi,Maxime possimus expedita vel odit dicta ab. Placeat nihil officiis vero magni delectus et.,Street Light,Uttar Pradesh,Varanasi,Varanasi,Varanasi East,Lok Sabha,Utkarsh Gade,Municipal Corporation,540692.73,452698.57,493709.23065559106,2026-04-17,2026-04-25,2026-04-29,2026-06-07,2027-02-01,Completed,2026-2027,Yes
MPLADS/KA/2026-2027/0485,Construction of Street Light in Hubli,Voluptates nam natus dolorum et autem. Architecto mollitia eum nesciunt doloribus.,Street Light,Karnataka,Hubli,Hubli,Hubli East,Rajya Sabha,Mohini Dhar,Municipal Corporation,348729.85,87111.91,233139.26159835685,2026-04-18,2026-05-02,2026-05-03,2026-06-18,,Ongoing,2026-2027,No
MPLADS/KA/2025-2026/0486,Construction of Drainage in Hubli,Consectetur est asperiores laudantium veniam ratione itaque assumenda.,Drainage,Karnataka,Hubli,Hubli,Hubli East,Rajya Sabha,Lakshit Sehgal,Block Development Office,886308.168365207,256381.03,464426.266362634,2025-10-14,2025-11-10,2025-11-15,2025-12-25,,Delayed,2025-2026,No
MPLADS/KA/2025-2026/0487,Construction of Community Hall in Hubli,Similique maiores officiis illo. Sint officiis minima.,Community Hall,Karnataka,Hubli,Hubli,Hubli East,Rajya Sabha,Vinaya Parmer,Gram Panchayat,1724112.54,982427.86,999468.7969334779,2025-07-06,2025-07-17,2025-07-18,2025-09-09,2026-05-18,Completed,2025-2026,Yes
MPLADS/MA/2025-2026/0488,Construction of Street Light in Nagpur,Accusantium repellendus atque accusamus ratione. Placeat eius repellat nesciunt ipsum doloribus.,Street Light,Maharashtra,Nagpur,Nagpur,Nagpur East,Rajya Sabha,Lakshmi Samra,Block Development Office,283690.4,160531.37,263080.0960068081,2025-04-29,2025-05-23,2025-05-27,2025-06-28,,Delayed,2025-2026,No
MPLADS/UT/2026-2027/0489,Construction of Drinking Water in Lucknow,Maiores sapiente cum omnis temporibus quae. Voluptatibus deleniti explicabo.,Drinking Water,Uttar Pradesh,Lucknow,Lucknow,Lucknow East,Rajya Sabha,Abdul Narayan,Gram Panchayat,1843570.82,190017.95,1161283.7906736215,2026-07-06,2026-10-19,2026-10-24,2026-11-13,,Ongoing,2026-2027,No
MPLADS/MA/2025-2026/0490,Construction of Drinking Water in Bhopal,Repellendus voluptatum ipsa dolor consectetur dicta.,Drinking Water,Madhya Pradesh,Bhopal,Bhopal,Bhopal East,Rajya Sabha,Sachi Batra,Municipal Corporation,1440819.88,79909.23,841282.4518212137,2024-12-14,2025-05-10,2025-05-13,2025-06-08,,Ongoing,2025-2026,No
MPLADS/MA/2025-2026/0491,Construction of Community Hall in Thane,Error aut autem omnis consectetur. Ducimus ullam reprehenderit est molestias.,Community Hall,Maharashtra,Thane,Thane,Thane East,Lok Sabha,Bimala Mallick,Gram Panchayat,2490432.83,1891175.27,1971293.6168155735,2025-02-11,2025-03-12,2025-03-16,2025-04-18,2025-08-29,Completed,2025-2026,Yes
MPLADS/MA/2024-2025/0492,Construction of Community Hall in Nagpur,Magnam iusto magnam dolor quo quae itaque. Ex tempore quidem similique quis hic.,Community Hall,Maharashtra,Nagpur,Nagpur,Nagpur East,Lok Sabha,Laban Gokhale,Gram Panchayat,4275932.97,1252797.49,2906351.9229762726,2024-05-04,2024-06-08,2024-06-12,2024-08-09,,Delayed,2024-2025,No
MPLADS/KA/2026-2027/0493,Construction of School Building in Hubli,Quaerat tempora expedita recusandae dolorum. Quo atque optio. Dolorum adipisci soluta ratione sint.,School Building,Karnataka,Hubli,Hubli,Hubli East,Rajya Sabha,Deepa Pandit,State Housing Board,3116052.46,2095031.61,2148342.716376379,2026-08-21,2026-09-23,2026-09-26,2026-11-23,2027-01-17,Completed,2026-2027,Yes
MPLADS/MA/2025-2026/0494,Construction of Park in Bhopal,At accusamus aliquid quis eveniet. Iste minus laboriosam. Nisi magnam rerum autem quas adipisci.,Park,Madhya Pradesh,Bhopal,Bhopal,Bhopal East,Rajya Sabha,Neel Gade,Block Development Office,455486.32,114696.01,389375.3224880142,2025-03-27,2025-04-16,2025-04-21,2025-05-28,,Ongoing,2025-2026,No
MPLADS/KA/2026-2027/0495,Construction of Drainage in Hubli,Impedit provident explicabo quae ad quia facere. Labore voluptas omnis ad quibusdam.,Drainage,Karnataka,Hubli,Hubli,Hubli East,Rajya Sabha,Indali Sandal,State Housing Board,2113874.45,1686516.24,1872877.941286536,2026-07-18,2026-11-10,2026-11-13,2026-12-20,2027-08-06,Completed,2026-2027,Yes
MPLADS/TA/2024-2025/0496,Construction of Park in Madurai,Architecto eum praesentium. Et provident cum recusandae placeat reprehenderit.,Park,Tamil Nadu,Madurai,Madurai,Madurai East,Lok Sabha,Nandini Nagi,State Housing Board,1015564.02,151894.34,722939.7206432496,2024-09-23,2024-10-21,2024-10-26,2024-12-24,,Ongoing,2024-2025,No
MPLADS/TA/2025-2026/0497,Construction of Roads in Madurai,Illo eum molestias voluptates ducimus eius. Quaerat placeat doloremque ab ab ipsum.,Roads,Tamil Nadu,Madurai,Madurai,Madurai East,Lok Sabha,Faris Pau,PWD,670203.08,515551.53,568310.227654384,2025-10-12,2025-10-17,2025-10-22,2025-11-07,2026-04-29,Completed,2025-2026,No
MPLADS/MA/2026-2027/0498,Construction of Roads in Bhopal,Accusantium placeat consectetur rem. Laboriosam veritatis explicabo.,Roads,Madhya Pradesh,Bhopal,Bhopal,Bhopal East,Lok Sabha,Aarna Apte,State Housing Board,1347729.06,653711.0,1959915.108619058,2026-08-12,2026-09-14,2026-09-19,2026-11-08,,Ongoing,2026-2027,No
MPLADS/MA/2023-2024/0499,Construction of Park in Bhopal,Occaecati beatae temporibus. Facere facilis necessitatibus iusto quae perspiciatis ut maxime.,Park,Madhya Pradesh,Bhopal,Bhopal,Bhopal East,Lok Sabha,Gunbir Amble,State Housing Board,449752.7,276698.46,285985.17736104864,2023-11-23,2023-12-19,2023-12-21,2024-01-07,2024-06-02,Completed,2023-2024,Yes
MPLADS/TA/2026-2027/0500,Construction of Drainage in Coimbatore,"Eius ab excepturi praesentium nihil. Quasi laudantium aperiam id.
Eos quaerat ipsa nam.",Drainage,Tamil Nadu,Coimbatore,Coimbatore,Coimbatore East,Rajya Sabha,Chaitaly Sarma,PWD,370320.16,78211.83,344890.546967768,2026-03-28,2026-04-11,2026-04-15,2026-05-19,,Ongoing,2026-2027,No
MPLADS/UT/2025-2026/0092-DUP,Construction of Temple near Health Center in Lucknow (Phase 2),Hic aut ipsam quaerat.,Health Center,Uttar Pradesh,Lucknow,Lucknow,Lucknow East,Lok Sabha,Jagdish Chandran,Gram Panchayat,2757201.8258463587,2170101.71,2287655.3072293676,2025-07-06,2025-07-20,2025-07-22,2025-08-22,2026-05-19,Completed,2025-2026,Yes
MPLADS/KA/2026-2027/0226-DUP,Construction of Health Center in Bangalore (Phase 2),Odit dolore fuga. Tempora aliquid suscipit dignissimos cumque doloribus.,Health Center,Karnataka,Bangalore,Bangalore,Bangalore East,Lok Sabha,Pallavi Sami,State Housing Board,3254955.3295108327,1748325.03,2757311.2212858573,2026-08-23,2026-09-15,2026-09-20,2026-11-09,,Ongoing,2026-2027,No
MPLADS/UT/2026-2027/0036-DUP,Construction of Park in Kanpur (Phase 2),Voluptas magni sunt nemo ipsam minima magnam. Veniam minima iste harum.,Park,Uttar Pradesh,Kanpur,Kanpur,Kanpur East,Rajya Sabha,Gagan Boase,Municipal Corporation,294108.86414599774,262294.52,275667.2413522741,2026-09-06,2026-10-01,2026-10-05,2026-11-19,2027-03-31,Completed,2026-2027,Yes
MPLADS/MA/2024-2025/0252-DUP,Construction of Library in Pune (Phase 2),Consectetur nulla unde. Nulla maiores quod totam.,Library,Maharashtra,Pune,Pune,Pune East,Lok Sabha,Michael Kaur,Block Development Office,2512524.150887553,909228.26,1747962.0952345647,2024-10-20,2024-11-12,2024-11-14,2025-01-08,,Ongoing,2024-2025,No
MPLADS/MA/2024-2025/0476-DUP,Construction of Street Light in Bhopal (Phase 2),Fuga optio excepturi delectus. Tempore officia officia voluptas saepe deserunt voluptatem.,Street Light,Madhya Pradesh,Bhopal,Bhopal,Bhopal East,Lok Sabha,Gaurang Parekh,Zila Parishad,487343.52944211575,257256.06,282867.6747164417,2024-02-22,2024-03-04,2024-03-09,2024-04-15,2024-10-06,Completed,2024-2025,Yes
MPLADS/MA/2024-2025/0103-DUP,Construction of Park in Bhopal (Phase 2),Nam rem esse sapiente minus molestiae. Laudantium pariatur modi vero voluptate facere.,Park,Madhya Pradesh,Bhopal,Bhopal,Bhopal East,Lok Sabha,Brinda Dhillon,Zila Parishad,691472.5754335085,238994.72,499279.5934624901,2024-03-12,2024-03-24,2024-03-27,2024-05-25,,Delayed,2024-2025,No
MPLADS/MA/2025-2026/0313-DUP,Construction of Health Center in Nagpur (Phase 2),Odio doloremque quod eum molestias nisi. Accusantium occaecati nihil dolores dignissimos ipsa.,Health Center,Maharashtra,Nagpur,Nagpur,Nagpur East,Rajya Sabha,Pahal Wadhwa,Zila Parishad,2601240.5362314926,2977731.9,3201178.6638613236,2025-03-13,2025-03-30,2025-03-31,2025-04-21,2026-02-12,Completed,2025-2026,Yes
MPLADS/UT/2025-2026/0202-DUP,Construction of Community Hall in Varanasi (Phase 2),Quam harum esse.,Community Hall,Uttar Pradesh,Varanasi,Varanasi,Varanasi East,Lok Sabha,Rohan Panchal,Municipal Corporation,2901921.1496652258,2075375.22,2692000.5158339515,2025-12-01,2025-12-21,2025-12-23,2026-02-18,,Ongoing,2025-2026,No
MPLADS/MA/2025-2026/0331-DUP,Construction of Park in Indore (Phase 2),Sint perferendis architecto explicabo modi in necessitatibus. Ad reiciendis quas.,Park,Madhya Pradesh,Indore,Indore,Indore East,Lok Sabha,Jacob Garg,Gram Panchayat,806446.5203134357,75661.27,497931.602989407,2025-10-21,2025-12-27,2025-12-28,2026-02-18,,Ongoing,2025-2026,No
MPLADS/TA/2026-2027/0056-DUP,Construction of Drainage in Madurai (Phase 2),Dolore commodi voluptas accusantium. Quaerat tempora vitae veritatis eligendi dicta.,Drainage,Tamil Nadu,Madurai,Madurai,Madurai East,Rajya Sabha,Jason More,Gram Panchayat,1671039.4348598141,240506.03,1538969.200146841,2026-01-22,2026-02-07,2026-02-12,2026-03-15,,Ongoing,2026-2027,No
